6.6961924733557865,V
6.788880568055722,V
6.788880568055722,V
-0.07331662815901462,V
0.014941954651961364,V
0.014941954651961364,V
-114.58826784898271,E
-0.08193,F
0.02025,F
0.08487,F
-0.06067,F
0.00382,F
0.05479,F
-0.17339,F
0.12204,F
0.12204,F
0.0462,F
0.02572,F
0.01717,F
0.0462,F
0.01717,F
0.02572,F
-0.16854,F
-0.09311,F
-0.09311,F
-0.05392,F
0.01608,F
-0.08809,F
0.02877,F
-0.08856,F
-0.10009,F
-0.07386,F
-0.03041,F
0.09774,F
0.04269,F
-0.01542,F
-0.01542,F
-0.05392,F
-0.08809,F
0.01608,F
-0.08193,F
0.08487,F
0.02025,F
0.02877,F
-0.10009,F
-0.08856,F
-0.06067,F
0.05479,F
0.00382,F
0.04652,F
-0.01593,F
-0.01593,F
-0.07386,F
0.09774,F
-0.03041,F
0.07394,F
-0.0769,F
-0.01815,F
0.05693,F
0.00979,F
0.06635,F
0.17979,F
0.01993,F
0.01993,F
-0.02981,F
0.00463,F
0.01735,F
-0.02981,F
0.01735,F
0.00463,F
0.16205,F
-0.09579,F
-0.09579,F
0.05908,F
-0.0879,F
0.01415,F
-0.01858,F
0.02166,F
0.00788,F
0.07366,F
0.08596,F
-0.02524,F
-0.08745,F
-0.0421,F
-0.0421,F
0.05908,F
0.01415,F
-0.0879,F
0.07394,F
-0.01815,F
-0.0769,F
-0.01858,F
0.00788,F
0.02166,F
0.05693,F
0.06635,F
0.00979,F
-0.04129,F
0.08749,F
0.08749,F
0.07366,F
-0.02524,F
0.08596,F
5.4704937766107555,V
5.382003090857877,V
5.4704937766107555,V
0.015315695611075016,V
-0.06868081876539978,V
0.015315695611075016,V
-115.23413763789046,E
0.08476,F
-0.04176,F
0.08476,F
0.09379,F
-0.07088,F
-0.02953,F
-0.04109,F
-0.08671,F
-0.04109,F
-0.02953,F
-0.07088,F
0.09379,F
0.01484,F
0.05597,F
-0.08363,F
0.08161,F
-0.08002,F
0.01931,F
0.06317,F
0.0538,F
0.00893,F
-0.09569,F
0.02805,F
-0.08527,F
-0.01469,F
0.04577,F
-0.01469,F
-0.02596,F
0.07159,F
0.08356,F
-0.01586,F
0.04201,F
-0.01586,F
0.08356,F
0.07159,F
-0.02596,F
-0.08443,F
-0.05145,F
0.01637,F
-0.0179,F
0.07116,F
-0.07389,F
0.05193,F
-0.05778,F
0.00215,F
0.00914,F
-0.0168,F
0.02203,F
-0.08363,F
0.05597,F
0.01484,F
-0.08527,F
0.02805,F
-0.09569,F
0.00893,F
0.0538,F
0.06317,F
0.01931,F
-0.08002,F
0.08161,F
0.01836,F
0.17369,F
0.01836,F
0.02441,F
0.04501,F
0.0157,F
-0.09126,F
0.15574,F
-0.09126,F
0.0157,F
0.04501,F
0.02441,F
0.01637,F
-0.05145,F
-0.08443,F
0.02203,F
-0.0168,F
0.00914,F
0.00215,F
-0.05778,F
0.05193,F
-0.07389,F
0.07116,F
-0.0179,F
0.11693,F
-0.16725,F
0.11693,F
0.00372,F
-0.02826,F
0.01725,F
-0.08878,F
-0.16228,F
-0.08878,F
0.01725,F
-0.02826,F
0.00372,F
4.2107040202537664,V
4.2107040202537664,V
4.214582622327321,V
0.0,V
-0.0,V
0.09547632107040466,V
-115.6973600349029,E
0.0,F
0.0,F
0.0,F
0.00622,F
0.00622,F
0.0,F
-0.00638,F
0.06335,F
-0.01259,F
0.06336,F
-0.00638,F
-0.01259,F
0.0,F
0.0,F
-0.0,F
-0.00293,F
-0.00293,F
-0.0,F
-0.00638,F
0.06335,F
0.0126,F
0.06335,F
-0.00638,F
0.0126,F
-0.0,F
-0.0,F
0.0,F
0.0824,F
-0.0824,F
0.0,F
0.07611,F
-0.0866,F
-0.12102,F
-0.06335,F
0.00639,F
-0.01259,F
0.0,F
-0.0,F
-0.0,F
-0.02196,F
0.02196,F
-0.0,F
0.07611,F
-0.0866,F
0.12103,F
-0.06335,F
0.00639,F
0.0126,F
-0.0,F
-0.0,F
0.0,F
-0.0824,F
0.0824,F
0.0,F
0.00639,F
-0.06335,F
-0.01259,F
-0.0866,F
0.07611,F
-0.12102,F
-0.0,F
0.0,F
-0.0,F
0.02196,F
-0.02196,F
-0.0,F
0.00639,F
-0.06335,F
0.0126,F
-0.0866,F
0.07611,F
0.12103,F
-0.0,F
-0.0,F
0.0,F
-0.00621,F
-0.00621,F
0.0,F
-0.07611,F
0.08659,F
-0.12102,F
0.08659,F
-0.07611,F
-0.12102,F
-0.0,F
-0.0,F
-0.0,F
0.00293,F
0.00293,F
-0.0,F
-0.07611,F
0.08659,F
0.12103,F
0.08659,F
-0.07611,F
0.12103,F
3.031654749119931,V
3.040992565383677,V
3.040992565383677,V
-0.0767316805670981,V
0.0,V
-0.0,V
-116.07564588700735,E
-0.11588,F
-0.08194,F
-0.07123,F
0.0,F
0.02196,F
0.02196,F
-0.0,F
0.0,F
-0.0,F
-0.01175,F
0.00664,F
0.06054,F
-0.11588,F
0.08194,F
0.07123,F
0.0,F
0.00248,F
-0.00248,F
0.0,F
-0.0,F
0.0,F
-0.11588,F
-0.07123,F
-0.08194,F
-0.01175,F
0.06054,F
0.00664,F
-0.0,F
-0.00248,F
0.00248,F
-0.0,F
-0.0,F
0.0,F
-0.01175,F
-0.00664,F
-0.06054,F
-0.01175,F
-0.06054,F
-0.00664,F
-0.0,F
-0.02196,F
-0.02196,F
0.0,F
-0.0,F
-0.0,F
-0.11588,F
0.07123,F
0.08194,F
0.11588,F
-0.08194,F
-0.07123,F
-0.0,F
-0.07715,F
-0.07715,F
-0.0,F
-0.0,F
-0.0,F
0.01175,F
0.00664,F
0.06054,F
0.11588,F
0.08194,F
0.07123,F
0.0,F
-0.00458,F
0.00458,F
0.0,F
-0.0,F
0.0,F
0.11588,F
-0.07123,F
-0.08194,F
0.01175,F
0.06054,F
0.00664,F
0.0,F
0.00458,F
-0.00458,F
-0.0,F
-0.0,F
0.0,F
0.01175,F
-0.00664,F
-0.06054,F
0.01175,F
-0.06054,F
-0.00664,F
0.0,F
0.07715,F
0.07715,F
0.0,F
-0.0,F
0.0,F
0.11588,F
0.07123,F
0.08194,F
1.9323394828136078,V
1.9323405390046218,V
1.8267816405020285,V
-0.0,V
-0.0,V
-0.07191287756367194,V
-116.37152916703867,E
0.07967,F
0.10783,F
0.17058,F
-0.10784,F
-0.07968,F
0.17058,F
-0.0238,F
0.0238,F
-0.0,F
-0.02951,F
0.0295,F
-0.0,F
0.07967,F
0.10783,F
-0.17058,F
-0.10784,F
-0.07968,F
-0.17058,F
0.08047,F
-0.08047,F
0.0,F
-5.0e-5,F
5.0e-5,F
0.0,F
-0.00874,F
-0.07909,F
0.06557,F
0.0807,F
0.05408,F
-0.02486,F
-0.10639,F
-0.09106,F
-0.0,F
0.07496,F
0.05658,F
-0.0,F
-0.00874,F
-0.07909,F
-0.06557,F
0.0807,F
0.05408,F
0.02486,F
0.07473,F
0.08193,F
0.0,F
-0.0192,F
-0.02582,F
0.0,F
-0.05407,F
-0.08071,F
-0.02486,F
0.0791,F
0.00874,F
0.06557,F
0.09106,F
0.10639,F
-0.0,F
-0.05658,F
-0.07496,F
-0.0,F
-0.05407,F
-0.08071,F
0.02486,F
0.0791,F
0.00874,F
-0.06557,F
-0.08192,F
-0.07473,F
0.0,F
0.02582,F
0.0192,F
0.0,F
0.0154,F
0.0839,F
-0.10657,F
-0.0839,F
-0.0154,F
-0.10657,F
0.09611,F
-0.09611,F
-0.0,F
-0.08298,F
0.08298,F
-0.0,F
0.0154,F
0.0839,F
0.10657,F
-0.0839,F
-0.0154,F
0.10657,F
-0.08503,F
0.08504,F
0.0,F
0.04166,F
-0.04166,F
0.0,F
0.8734662217471985,V
0.8734662217471985,V
0.8866320522620238,V
-0.0,V
-0.0,V
0.0,V
-116.47896613168295,E
-0.10031,F
0.0,F
0.06233,F
0.0,F
0.14049,F
-0.04141,F
0.0,F
0.0,F
0.0,F
-0.02864,F
-0.02864,F
0.0,F
-0.10031,F
-0.0,F
-0.06233,F
0.0,F
0.14049,F
0.0414,F
0.0,F
0.0,F
-0.0,F
0.07605,F
0.07606,F
0.0,F
0.14049,F
-0.0,F
-0.04141,F
0.0,F
-0.14049,F
-0.04141,F
0.0,F
-0.0,F
0.0,F
-0.02864,F
0.02864,F
0.0,F
0.14049,F
-0.0,F
0.0414,F
0.0,F
-0.14049,F
0.0414,F
0.0,F
-0.0,F
-0.0,F
0.07605,F
-0.07605,F
0.0,F
0.10031,F
-0.0,F
0.06233,F
-0.0,F
-0.10031,F
0.06233,F
-0.0,F
0.0,F
0.0,F
0.02864,F
-0.02864,F
0.0,F
0.10031,F
0.0,F
-0.06233,F
0.0,F
-0.10031,F
-0.06233,F
-0.0,F
0.0,F
-0.0,F
-0.07606,F
0.07606,F
-0.0,F
-0.14049,F
-0.0,F
-0.04141,F
0.0,F
0.10031,F
0.06233,F
-0.0,F
-0.0,F
0.0,F
0.02864,F
0.02864,F
0.0,F
-0.14049,F
-0.0,F
0.0414,F
-0.0,F
0.10031,F
-0.06233,F
-0.0,F
-0.0,F
-0.0,F
-0.07606,F
-0.07605,F
0.0,F
-0.03441211793686612,V
-0.07561047566834632,V
-0.16229969552097545,V
-0.0,V
0.0,V
-0.037995899643046414,V
-116.53929465968565,E
-0.01637,F
0.0393,F
-0.10136,F
0.00629,F
0.07309,F
0.07761,F
0.08928,F
0.02874,F
-0.0,F
0.0557,F
0.07556,F
0.0,F
-0.01637,F
0.0393,F
0.10136,F
0.00629,F
0.07309,F
-0.07761,F
-0.06997,F
0.02432,F
0.0,F
-0.05044,F
-0.03598,F
-0.0,F
0.04226,F
-0.04256,F
-0.02016,F
0.01073,F
-0.05213,F
0.05426,F
0.00686,F
0.08075,F
-0.0,F
0.07199,F
-0.08291,F
0.0,F
0.04226,F
-0.04256,F
0.02016,F
0.01073,F
-0.05213,F
-0.05426,F
-0.06422,F
-0.04239,F
-0.0,F
-0.02206,F
0.01881,F
0.0,F
0.01789,F
0.01546,F
0.04759,F
0.01903,F
-0.01204,F
-0.02435,F
-0.08578,F
0.05567,F
0.0,F
0.03047,F
-0.03644,F
-0.0,F
0.01789,F
0.01546,F
-0.04759,F
0.01903,F
-0.01204,F
0.02435,F
0.06932,F
0.02931,F
-0.0,F
0.0159,F
-0.01145,F
-0.0,F
-0.07627,F
-0.03945,F
0.15323,F
-0.00491,F
0.01833,F
-0.02613,F
-0.07189,F
-0.04509,F
0.0,F
-0.07033,F
-0.0525,F
-0.0,F
-0.07627,F
-0.03945,F
-0.15323,F
-0.00491,F
0.01833,F
0.02613,F
0.08355,F
-0.02706,F
-0.0,F
0.01432,F
0.02067,F
-0.0,F
-1.0301909252534833,V
-1.0301914868101818,V
-1.0301914868101818,V
-0.03757656647372148,V
0.03757656647372148,V
-0.03757656647372148,V
-116.49867805726612,E
-0.04441,F
-0.04441,F
-0.0,F
-0.0,F
-0.0,F
-0.0,F
-0.08094,F
-0.028,F
-0.06069,F
0.05608,F
-0.0,F
-0.05609,F
-0.02441,F
-0.02441,F
0.0,F
0.0828,F
0.0828,F
0.0,F
-0.0,F
0.05608,F
0.05608,F
-0.028,F
-0.08094,F
0.06069,F
0.06069,F
0.028,F
0.08094,F
-0.08281,F
0.0,F
0.0828,F
-0.0,F
0.04441,F
0.0444,F
0.05901,F
0.0,F
-0.05901,F
0.05215,F
0.01508,F
-0.06562,F
-0.0,F
-0.0816,F
-0.0816,F
0.08093,F
-0.06069,F
-0.028,F
-0.01507,F
0.06562,F
0.05215,F
0.028,F
0.06069,F
-0.08094,F
0.0,F
-0.08281,F
-0.0828,F
0.06562,F
-0.01507,F
-0.05215,F
-0.06069,F
0.08093,F
0.028,F
0.01508,F
0.05215,F
0.06562,F
-0.0816,F
-0.0,F
0.08161,F
0.0,F
0.05901,F
0.05901,F
0.04441,F
-0.0,F
-0.04441,F
-0.05608,F
-0.05608,F
-0.0,F
0.0816,F
0.0816,F
-0.0,F
0.0,F
0.02442,F
0.02441,F
-0.05214,F
-0.06562,F
0.01507,F
-0.05901,F
-0.05901,F
0.0,F
0.0,F
-0.0,F
0.0,F
-0.06562,F
-0.05214,F
-0.01507,F
0.02442,F
0.0,F
-0.02441,F
-1.9159569385582829,V
-1.8835304971328888,V
-1.788093994529187,V
-0.01701573058592818,V
0.0,V
0.0,V
-116.3375490658162,E
0.1012,F
0.03481,F
-0.01794,F
0.0,F
-0.03476,F
-0.04887,F
0.0,F
0.0214,F
-0.07,F
-0.06759,F
0.06374,F
0.00433,F
-0.04436,F
0.01443,F
0.01664,F
0.0,F
-0.01261,F
0.01983,F
0.0,F
0.02974,F
0.06878,F
0.02851,F
-0.01279,F
0.01776,F
0.0267,F
-0.0371,F
0.038,F
0.0,F
0.01808,F
-0.02098,F
0.0,F
-0.0372,F
-0.0658,F
-0.04763,F
-0.04783,F
0.0091,F
-0.14196,F
-0.03427,F
-0.06742,F
0.0,F
0.02148,F
0.01432,F
0.0,F
-0.02599,F
0.0836,F
0.02804,F
0.01891,F
-0.00193,F
-0.10121,F
0.03481,F
-0.01794,F
-0.0,F
0.06894,F
0.04788,F
-0.0,F
0.02226,F
0.08578,F
0.06759,F
0.06374,F
0.00433,F
0.04436,F
0.01443,F
0.01664,F
-0.0,F
-0.03768,F
0.0276,F
-0.0,F
0.05113,F
-0.08098,F
-0.02851,F
-0.01279,F
0.01776,F
-0.0267,F
-0.0371,F
0.038,F
-0.0,F
-0.07617,F
0.06572,F
0.0,F
0.07902,F
0.01022,F
0.04762,F
-0.04783,F
0.0091,F
0.14196,F
-0.03427,F
-0.06742,F
-0.0,F
-0.04597,F
-0.06625,F
-0.0,F
-0.04146,F
-0.06793,F
-0.02804,F
0.01891,F
-0.00193,F
-2.6710856376729644,V
-2.8041506998819288,V
-2.6710856376729644,V
0.014507631724766356,V
0.03293814109906655,V
0.014507631724766356,V
-116.1069415687047,E
0.0454,F
0.01023,F
0.02713,F
-0.03571,F
-0.065,F
0.03184,F
-0.07252,F
0.04535,F
-0.02983,F
0.06993,F
-0.08454,F
-0.01926,F
0.04046,F
0.01719,F
-0.02405,F
0.03622,F
0.0,F
-0.03622,F
-0.03286,F
0.01366,F
0.02664,F
-0.01997,F
0.0,F
0.01997,F
-0.01015,F
-0.01664,F
-0.03778,F
0.02733,F
0.06802,F
0.10723,F
0.12171,F
0.04917,F
0.05872,F
0.04948,F
0.06857,F
-0.01896,F
-0.02664,F
-0.01366,F
0.03286,F
0.12546,F
0.0,F
-0.12546,F
0.02405,F
-0.01719,F
-0.04046,F
-0.02598,F
0.0,F
0.02598,F
-0.05824,F
-0.06473,F
0.12743,F
0.04147,F
-0.0,F
-0.04147,F
-0.01687,F
-0.04948,F
-0.01047,F
-0.0603,F
-0.0,F
0.0603,F
-0.05872,F
-0.04917,F
-0.12171,F
-0.03184,F
0.065,F
0.03571,F
0.03778,F
0.01664,F
0.01015,F
0.01926,F
0.08454,F
-0.06993,F
0.01047,F
0.04948,F
0.01687,F
-0.0152,F
0.0,F
0.0152,F
-0.12743,F
0.06473,F
0.05824,F
0.02898,F
0.0,F
-0.02898,F
0.02983,F
-0.04535,F
0.07252,F
-0.10723,F
-0.06802,F
-0.02733,F
-0.02713,F
-0.01023,F
-0.0454,F
0.01896,F
-0.06857,F
-0.04948,F
5.311972314106951,V
5.1682503539775295,V
4.56586243567356,V
0.3013543228178488,V
-0.17223327232633182,V
0.17919655916881916,V
-109.48955784375566,E
0.83801,F
0.36572,F
-0.00873,F
0.38473,F
-0.23642,F
1.08094,F
-0.57236,F
-0.78208,F
0.10752,F
-0.24186,F
-0.41001,F
-0.15451,F
0.55699,F
-0.78165,F
0.21082,F
-6.07788,F
-0.71767,F
0.14203,F
-0.13051,F
-1.6021,F
0.29187,F
-1.67025,F
0.98055,F
-0.78012,F
-2.64192,F
-2.47933,F
-1.00089,F
1.31793,F
3.69141,F
-0.49374,F
2.21824,F
-1.29357,F
0.27337,F
-1.58116,F
2.3378,F
0.87049,F
-1.60327,F
-0.14919,F
1.45277,F
0.01241,F
1.72234,F
-1.45812,F
0.27263,F
-1.36161,F
0.66979,F
1.16539,F
1.10702,F
-0.95109,F
-2.66566,F
1.18122,F
1.65417,F
0.31186,F
1.24375,F
0.98319,F
-0.32506,F
-0.06793,F
-0.18675,F
1.4369,F
-1.06998,F
-4.31382,F
1.37217,F
-3.37762,F
-1.25283,F
0.8463,F
0.67741,F
-0.12266,F
1.7611,F
0.15292,F
-1.37523,F
1.52586,F
0.93447,F
2.90716,F
1.58473,F
-1.16333,F
-0.79379,F
0.28314,F
-1.8698,F
1.23564,F
0.6292,F
-0.56949,F
0.05022,F
-0.70041,F
0.94363,F
0.01324,F
2.53097,F
5.33451,F
1.45737,F
1.3548,F
-0.29019,F
-0.53862,F
-1.17353,F
-1.2395,F
-0.65878,F
-1.01946,F
-1.21128,F
0.68907,F
-0.9188912368044743,V
-0.2654115166045589,V
-0.8707899864257634,V
-0.09092091259622317,V
0.309527852558713,V
-0.12136421738391791,V
-112.3906973342193,E
0.08422,F
0.42227,F
-0.8239,F
1.31955,F
-0.98153,F
0.52942,F
0.14456,F
0.2776,F
-0.04896,F
0.18347,F
0.42477,F
-0.53701,F
-0.64964,F
-0.78169,F
0.64404,F
0.70728,F
-0.2445,F
-0.12291,F
-0.05114,F
-0.34864,F
0.00919,F
-0.58109,F
-0.09772,F
-0.40746,F
-1.3145,F
0.7217,F
0.25898,F
0.44146,F
0.33349,F
-0.0983,F
0.35479,F
-0.66059,F
0.49531,F
0.72457,F
0.32514,F
-0.22718,F
-0.63329,F
0.30483,F
0.28665,F
-0.01913,F
-0.78691,F
-0.19434,F
0.44606,F
-0.1343,F
0.08806,F
-0.08743,F
-0.12061,F
-0.57669,F
-0.84668,F
-0.31365,F
-1.52953,F
0.51767,F
-0.30303,F
-1.13806,F
0.75598,F
-0.16817,F
0.38147,F
-0.89413,F
0.90414,F
1.07388,F
-0.77502,F
0.0382,F
-0.35285,F
0.52965,F
0.14768,F
0.53686,F
1.2709,F
0.67699,F
0.5686,F
0.56381,F
0.98681,F
-0.08872,F
-0.05663,F
0.13159,F
-0.35109,F
-0.27813,F
-0.22634,F
-0.12457,F
0.12278,F
-0.28327,F
0.47855,F
-0.47645,F
-0.39176,F
0.28725,F
-0.00094,F
0.10497,F
-0.47316,F
-0.38768,F
-0.0079,F
1.33502,F
-0.61933,F
0.39836,F
-0.07718,F
-0.49554,F
-0.34794,F
0.19861,F
2.4196641299647084,V
2.680032868707354,V
2.2827449681922034,V
0.1633660030288535,V
0.1398536765163992,V
0.02454886413285765,V
-114.1379340543251,E
0.47788,F
0.41519,F
1.44235,F
0.00632,F
-0.46934,F
-0.55008,F
-0.48078,F
-0.06121,F
1.627,F
-0.59989,F
-0.07368,F
-0.56486,F
-0.7327,F
-0.84266,F
-0.39241,F
-0.0237,F
-0.1484,F
0.03994,F
0.10702,F
0.26431,F
0.25133,F
0.42726,F
0.09792,F
0.44929,F
0.00428,F
0.4963,F
0.24142,F
-0.54392,F
-0.77295,F
-0.48397,F
-0.09942,F
0.05309,F
-0.37053,F
0.03856,F
-0.32808,F
-0.12686,F
-0.17364,F
0.46069,F
0.17894,F
-0.06658,F
0.73196,F
-1.07357,F
-1.32479,F
-0.14368,F
0.58463,F
0.65259,F
-0.07413,F
-0.19268,F
-0.08108,F
0.51986,F
-0.04795,F
-0.26531,F
-0.50422,F
-0.55483,F
0.43681,F
0.09758,F
-0.22469,F
0.23535,F
0.77264,F
-0.92666,F
-0.87574,F
-0.82023,F
0.15959,F
0.25325,F
-0.06544,F
-0.52081,F
-0.28304,F
0.48733,F
-0.7743,F
0.11849,F
-0.77392,F
0.98116,F
1.18468,F
0.41074,F
0.30508,F
0.26052,F
-0.36361,F
1.52391,F
-0.35075,F
0.58739,F
-0.15655,F
-0.3133,F
-0.20431,F
-0.31312,F
1.20259,F
0.79403,F
-1.12837,F
0.54195,F
-0.64083,F
-0.10399,F
-0.51757,F
-0.52905,F
0.18338,F
0.78462,F
0.62669,F
0.5382,F
7.4496812737045035,V
5.094663835805563,V
6.433602096931173,V
0.016982438113016134,V
-2.815743901947949,V
0.4675073983827808,V
-108.60472173887483,E
-0.3455,F
-0.57423,F
0.78953,F
-0.09749,F
1.03112,F
1.52731,F
-0.47673,F
0.14921,F
0.31655,F
0.81979,F
1.02706,F
-0.33958,F
0.35368,F
-0.12028,F
0.624,F
-0.47239,F
-0.42027,F
0.08611,F
-0.8352,F
-0.22727,F
-0.8007,F
-0.31165,F
0.61016,F
-1.05467,F
0.37116,F
-0.42242,F
-0.61275,F
0.5416,F
-0.13603,F
0.71801,F
-0.14136,F
-0.84041,F
-0.82672,F
0.49283,F
0.48679,F
0.33056,F
1.35488,F
1.36209,F
0.64297,F
-0.01745,F
0.05636,F
0.03727,F
-1.1912,F
0.01308,F
0.72782,F
-0.70019,F
0.06472,F
-0.89622,F
0.27841,F
-0.90867,F
-0.01945,F
15.30907,F
0.72812,F
-15.42525,F
-0.90113,F
-2.31541,F
0.36815,F
-15.81198,F
0.39599,F
14.39994,F
-0.70553,F
0.40131,F
0.40311,F
-0.7605,F
-0.35491,F
0.49,F
1.49709,F
-0.47249,F
0.34541,F
0.79791,F
0.70799,F
-0.93297,F
-0.10622,F
0.73554,F
0.56206,F
-0.28,F
0.97873,F
-0.84028,F
-0.63481,F
-0.38637,F
1.34683,F
0.61126,F
0.37748,F
-0.61275,F
0.39161,F
-0.4287,F
-0.73187,F
1.48856,F
0.57816,F
-0.29763,F
-0.3538,F
-0.67033,F
0.12893,F
-0.16472,F
-1.42614,F
-0.45374,F
3.092275607852353,V
2.4327534647610403,V
2.4031373223875194,V
-0.09329025043428589,V
-0.3951613471732583,V
0.10006606976830207,V
-113.49298589867331,E
-0.44513,F
-0.8019,F
-1.05281,F
-0.37917,F
0.35346,F
-0.10148,F
-0.72375,F
0.06478,F
0.09801,F
0.66483,F
-0.03085,F
0.60195,F
-0.00766,F
0.31675,F
-0.11246,F
0.31125,F
0.18228,F
-1.23987,F
-1.28353,F
-1.71169,F
1.1264,F
-0.60544,F
-0.05534,F
1.00112,F
-0.19212,F
0.10046,F
0.76104,F
-1.05834,F
-1.35383,F
-0.30466,F
-0.37532,F
-0.63151,F
-0.29638,F
-0.56258,F
0.49697,F
-0.79146,F
-1.165,F
1.07096,F
-0.21368,F
-0.52209,F
-0.51095,F
-0.0541,F
0.28871,F
-0.0251,F
-0.41442,F
-0.15708,F
-0.05112,F
0.32939,F
0.21023,F
0.15916,F
0.44483,F
1.51673,F
0.28137,F
-1.70096,F
0.46801,F
-0.58176,F
0.57727,F
-1.14213,F
0.03197,F
1.59182,F
2.21568,F
-0.03874,F
0.11113,F
0.74717,F
-1.04123,F
-0.49001,F
0.78215,F
-0.10229,F
-0.54938,F
0.91103,F
0.65752,F
-0.0259,F
0.15997,F
-0.03332,F
0.36596,F
0.51003,F
1.20148,F
0.42024,F
-0.62017,F
0.49022,F
-0.03685,F
0.70211,F
0.29611,F
0.05357,F
-0.11602,F
0.48104,F
0.45217,F
-0.31641,F
0.27517,F
-0.05867,F
-0.30484,F
-0.14469,F
0.06064,F
0.48889,F
0.65463,F
-0.55245,F
8.500438625571004,V
8.098171888597118,V
7.9941905945694876,V
-0.014989568607808191,V
-0.10354085760725683,V
-0.2959968429960111,V
-111.47305301706788,E
-0.42427,F
0.15754,F
-0.11319,F
-0.38872,F
0.43386,F
-0.38288,F
0.86993,F
0.37073,F
-0.42347,F
-1.03711,F
0.56254,F
0.4523,F
1.53814,F
-0.46703,F
1.32964,F
-1.23804,F
-0.13308,F
-0.86565,F
0.61738,F
-0.38206,F
-0.15704,F
-0.70413,F
0.15631,F
0.73532,F
-1.71543,F
-0.49566,F
0.4474,F
1.64411,F
0.37035,F
1.25636,F
-0.53237,F
0.59855,F
0.3428,F
0.37269,F
-0.70368,F
-1.2345,F
0.57455,F
-0.64886,F
0.21082,F
-0.05312,F
-0.31114,F
-0.04949,F
0.23618,F
1.03893,F
0.15587,F
-0.72224,F
-0.80643,F
-0.51549,F
-1.09547,F
-1.76411,F
0.64781,F
1.96728,F
-0.89547,F
0.63067,F
0.27967,F
-0.39068,F
0.83071,F
0.76121,F
-0.32935,F
0.13423,F
-1.19077,F
-0.18258,F
-1.08023,F
0.03089,F
1.27337,F
-1.19608,F
1.16752,F
-0.45173,F
0.16134,F
-0.20256,F
0.73234,F
1.4183,F
-1.07854,F
1.3918,F
-0.8489,F
-0.57248,F
0.17889,F
0.37158,F
-0.65159,F
-1.37991,F
-1.06553,F
0.31455,F
-0.03299,F
-0.75588,F
0.60763,F
1.88604,F
-1.31466,F
-0.36576,F
-0.10367,F
0.56896,F
0.12254,F
0.55736,F
-0.17893,F
0.86832,F
-0.23019,F
0.4878,F
11.660366311975416,V
11.160357022902371,V
11.741371497028014,V
0.06725296863889516,V
0.43437185858456817,V
-0.33812532822983776,V
-109.45498284652635,E
-0.1034,F
0.13852,F
0.4718,F
-2.37867,F
1.236,F
0.33662,F
-1.52246,F
-0.99857,F
-1.05678,F
-0.53454,F
-0.12422,F
-0.50517,F
0.99288,F
-0.94746,F
-0.79622,F
-0.16206,F
-1.03102,F
0.19806,F
-0.74531,F
-1.22834,F
0.02385,F
0.80421,F
-0.54197,F
2.01478,F
0.31739,F
-1.22635,F
-0.23665,F
-0.55477,F
0.98153,F
-0.32565,F
-0.10896,F
0.02657,F
-0.47329,F
-0.65024,F
0.97869,F
-0.7166,F
0.42161,F
0.54846,F
-0.67687,F
0.30767,F
0.97319,F
0.96282,F
-1.20653,F
-0.29325,F
0.0487,F
-0.24628,F
0.15411,F
0.38556,F
1.69353,F
-1.32474,F
-0.39908,F
0.02212,F
0.27114,F
-0.76707,F
1.02899,F
0.01565,F
-0.95827,F
-0.14094,F
-0.06077,F
-1.54087,F
-0.03473,F
-0.27751,F
-0.06149,F
1.06909,F
0.35308,F
1.11811,F
0.51124,F
-1.66837,F
0.90923,F
-0.43703,F
2.5697,F
0.5257,F
1.9396,F
0.61874,F
0.32036,F
-0.00655,F
0.44946,F
-1.13836,F
0.09188,F
-1.8357,F
0.36035,F
-0.36425,F
-0.2948,F
-0.42703,F
0.32715,F
0.74478,F
-0.068,F
0.00656,F
1.49084,F
1.2089,F
-0.50054,F
0.58856,F
0.90531,F
0.16334,F
-0.28595,F
0.35726,F
4.687663308609956,V
7.626878967616774,V
6.872924633102792,V
-2.465662981068882,V
0.1872034771504417,V
0.05938889066895399,V
-108.91537355567824,E
0.18075,F
0.55521,F
0.73788,F
0.47577,F
-1.50953,F
-1.32052,F
0.6452,F
-0.44347,F
0.01162,F
-1.60074,F
-0.03701,F
-0.21236,F
0.57418,F
-0.11029,F
1.01007,F
-0.0381,F
0.35651,F
0.34701,F
-0.7143,F
-0.16062,F
0.04187,F
0.4227,F
-0.60184,F
0.57077,F
-0.41854,F
-0.53501,F
-2.29191,F
-0.02871,F
-0.04083,F
-0.64617,F
1.34076,F
1.64444,F
1.37797,F
0.74221,F
0.75291,F
0.28211,F
-0.47304,F
0.11681,F
-0.32165,F
0.13137,F
0.51024,F
0.55944,F
0.70569,F
0.65766,F
0.34253,F
1.17072,F
0.41491,F
-0.49636,F
-0.24173,F
-0.23629,F
-1.57015,F
0.59055,F
0.02362,F
0.34718,F
-0.11071,F
-0.23096,F
-0.69804,F
-0.4606,F
0.63849,F
-0.81774,F
-0.8915,F
-1.77574,F
0.42628,F
0.8458,F
12.65446,F
-12.39406,F
-0.58561,F
-13.06786,F
12.18089,F
0.35448,F
0.29557,F
1.22932,F
-0.72303,F
0.03331,F
-0.79827,F
-0.35704,F
0.59288,F
-0.7948,F
0.48539,F
-0.24014,F
0.46413,F
-0.82739,F
0.91561,F
-0.15941,F
0.33676,F
-0.6329,F
1.69469,F
-0.43116,F
0.57633,F
-0.40538,F
-1.43096,F
-0.6796,F
1.03861,F
0.33082,F
-0.43685,F
0.26443,F
8.648167851003747,V
7.6349098630329015,V
7.924503249253673,V
-0.024072984954833645,V
-0.4471288607075783,V
0.4920935851133466,V
-111.26171077856027,E
0.24779,F
-0.51606,F
0.49499,F
0.67626,F
-1.1353,F
0.30768,F
0.39466,F
-0.05815,F
-1.19989,F
1.32671,F
0.52366,F
-0.1937,F
0.18221,F
-1.23756,F
-0.72049,F
0.40276,F
-0.41351,F
0.38588,F
0.20262,F
0.39377,F
0.35202,F
-0.87706,F
0.43595,F
0.39522,F
0.44637,F
1.84028,F
-1.2939,F
-1.33539,F
0.05059,F
1.78744,F
-1.0718,F
-0.90859,F
0.75677,F
0.22273,F
0.60423,F
-1.53342,F
-0.42227,F
0.9188,F
-0.0782,F
0.31316,F
0.22738,F
-1.17442,F
0.78074,F
0.38406,F
1.05311,F
-0.31904,F
-0.41685,F
0.34837,F
-1.61017,F
-0.93236,F
-0.32009,F
0.75635,F
1.31151,F
-1.83071,F
0.19397,F
-1.39446,F
0.38712,F
-0.86679,F
-1.13624,F
-0.09293,F
-0.62636,F
-0.21126,F
0.2951,F
0.1073,F
0.40195,F
0.18855,F
-0.15268,F
-0.20637,F
0.80233,F
-0.30061,F
0.67518,F
0.52853,F
-0.53382,F
-1.36566,F
-0.06244,F
0.96671,F
0.38514,F
0.49361,F
-0.21656,F
-0.44379,F
-1.02611,F
0.66835,F
1.20831,F
-0.66896,F
-1.13515,F
-0.82932,F
-0.51141,F
-1.08339,F
1.26526,F
2.04759,F
1.49209,F
-0.68997,F
1.19019,F
1.1703,F
1.26937,F
-1.10782,F
1.9947791016612209,V
1.3808949879295596,V
1.812096736819531,V
-0.05692043760697616,V
-0.26518233875350594,V
0.2264906355292085,V
-114.05990488907993,E
-0.51428,F
-0.26632,F
0.01782,F
0.72112,F
-1.05655,F
-1.09508,F
-0.57313,F
0.40888,F
-0.21329,F
0.18484,F
0.50365,F
0.40948,F
-0.27135,F
-0.27587,F
-0.27189,F
-0.55228,F
0.49,F
-0.21317,F
0.53332,F
-0.31805,F
-0.20701,F
0.12122,F
-1.04714,F
-0.86393,F
0.62581,F
1.53093,F
0.0718,F
0.04455,F
-0.05167,F
0.09424,F
0.46987,F
1.18242,F
1.06998,F
-0.11598,F
0.12016,F
-0.22257,F
-0.20154,F
0.15911,F
-0.3346,F
0.0532,F
-0.17196,F
-0.14845,F
0.0611,F
0.50387,F
0.80421,F
-0.44551,F
0.00011,F
0.17923,F
-0.75379,F
1.41792,F
-0.84418,F
-1.41692,F
-0.81875,F
0.42893,F
0.28784,F
-0.32508,F
0.46552,F
0.09418,F
-0.01389,F
-0.30807,F
-0.32796,F
-0.04038,F
0.41253,F
-0.00414,F
-0.30411,F
-0.61942,F
0.0332,F
-0.62327,F
1.04432,F
0.88129,F
-0.29562,F
1.2798,F
-0.13922,F
-0.41875,F
0.36087,F
0.33461,F
-0.30897,F
-0.12324,F
0.30929,F
-0.20616,F
0.3022,F
-0.21777,F
-0.81015,F
-0.02446,F
-0.51257,F
0.70918,F
-1.27901,F
0.87954,F
-0.20276,F
0.66216,F
0.76912,F
0.66476,F
0.09372,F
-0.35764,F
-0.13554,F
-0.92843,F
12.583473250458058,V
12.586077590657304,V
9.446121016178441,V
0.22881874892145682,V
-0.9304083506900629,V
2.371631561363427,V
-101.32313447176436,E
1.86178,F
0.96324,F
1.89571,F
1.65788,F
-1.17131,F
0.56738,F
0.11472,F
-0.89076,F
0.09086,F
-0.5116,F
0.28403,F
0.45772,F
-0.39386,F
-0.86091,F
-0.06634,F
1.23784,F
-1.41187,F
-0.03886,F
-18.95149,F
-20.45892,F
-0.09556,F
-0.58931,F
-0.08129,F
0.18133,F
0.23975,F
1.90106,F
-0.0068,F
-0.02175,F
0.5477,F
0.37397,F
0.44525,F
0.64091,F
0.17239,F
-0.38014,F
0.39697,F
0.11697,F
-1.13135,F
-0.07471,F
-0.21185,F
-0.28808,F
-0.84758,F
0.55352,F
0.26965,F
-0.31391,F
-1.07455,F
-0.36685,F
0.32356,F
-0.18523,F
-0.25871,F
0.87031,F
-0.74724,F
0.77821,F
-0.55991,F
0.53235,F
0.32105,F
0.42947,F
-0.37698,F
1.46831,F
-0.27349,F
-0.26932,F
0.23079,F
0.07355,F
-1.57856,F
-1.24777,F
0.52467,F
-1.0639,F
-1.78952,F
0.28931,F
-2.13937,F
17.08994,F
21.35045,F
1.73779,F
-0.32812,F
0.3084,F
0.19755,F
1.09144,F
-0.51827,F
-0.33087,F
6.95937,F
-2.39774,F
-7.35852,F
-2.27201,F
1.19919,F
0.2248,F
-6.3868,F
-1.32171,F
6.44568,F
1.8144,F
1.20696,F
0.2509,F
0.48075,F
-0.27261,F
0.70481,F
-1.14376,F
0.14523,F
1.04023,F
1.8288297158732947,V
1.4626074595488916,V
1.7743918047380525,V
0.47237471977444767,V
-0.4541497706770557,V
-0.8264614550727857,V
-113.11570718582817,E
1.11855,F
-0.89732,F
-0.1772,F
-0.13452,F
-0.68704,F
0.08213,F
-0.73729,F
1.01857,F
0.17921,F
1.27295,F
-0.88855,F
-0.43174,F
-0.13205,F
0.0754,F
-0.33773,F
-0.47779,F
0.61061,F
-0.54683,F
-0.50998,F
0.03237,F
1.11863,F
-0.04237,F
-0.32905,F
-0.4757,F
0.94572,F
0.74489,F
-0.69371,F
-0.48139,F
0.86188,F
0.65035,F
-0.23975,F
0.15279,F
0.05087,F
-0.55807,F
0.30015,F
0.06903,F
0.45987,F
0.1648,F
0.50407,F
0.27276,F
-0.13921,F
0.60311,F
-0.66017,F
-0.43464,F
-1.26006,F
0.79529,F
-0.39123,F
0.41437,F
0.08584,F
0.24242,F
0.1649,F
-0.54359,F
0.7971,F
0.24932,F
-0.20478,F
0.33016,F
-0.51043,F
-0.05445,F
-0.48123,F
-0.93107,F
-0.15266,F
0.38827,F
-0.00131,F
-0.28751,F
-0.54003,F
1.43922,F
-0.5855,F
0.47009,F
0.13403,F
0.84694,F
-0.89706,F
0.1323,F
-0.28355,F
0.82389,F
0.71911,F
-0.12345,F
0.06978,F
-0.79252,F
-1.01422,F
0.61175,F
0.28899,F
0.1421,F
-0.80586,F
0.01973,F
-0.55154,F
0.7231,F
-0.18934,F
1.5603,F
-0.6839,F
-0.48658,F
0.8166,F
-0.77273,F
-0.52083,F
-0.54231,F
-0.47018,F
0.53569,F
3.339851842702499,V
2.98613167268812,V
3.5180872182020715,V
-0.277660438078477,V
0.12425062494454277,V
-0.3013574182383283,V
-112.98205291675006,E
1.31198,F
-1.83895,F
-0.51862,F
0.14366,F
1.19198,F
-0.78802,F
0.14204,F
-1.46351,F
0.58961,F
0.64627,F
0.59077,F
1.70738,F
0.72792,F
-0.45934,F
-0.70897,F
-0.12516,F
0.14484,F
0.09877,F
-0.10468,F
-0.71159,F
-0.26406,F
-1.06074,F
0.81716,F
0.0288,F
0.36505,F
-0.54652,F
-0.16497,F
-0.76696,F
0.02706,F
-0.64749,F
0.18364,F
-0.84548,F
-0.18472,F
-0.68251,F
0.37161,F
-0.53222,F
0.00838,F
-1.53252,F
0.42041,F
0.04964,F
1.4029,F
1.02956,F
-0.44019,F
1.22892,F
-0.07686,F
1.12316,F
0.36245,F
0.22871,F
0.98932,F
-0.56088,F
0.22381,F
-1.88788,F
1.54397,F
-1.3713,F
-0.47159,F
-0.10859,F
0.71607,F
0.29366,F
-0.00197,F
1.00342,F
0.1225,F
0.08877,F
-0.14147,F
-0.129,F
0.03688,F
0.01298,F
-0.53715,F
0.5233,F
0.0605,F
-0.32182,F
-0.37296,F
-0.341,F
0.20098,F
0.18336,F
0.41556,F
0.64178,F
-0.27588,F
-0.74056,F
0.11526,F
-0.9518,F
0.37101,F
-0.71969,F
1.67654,F
-0.65643,F
0.03836,F
-2.19383,F
0.75559,F
-0.39389,F
0.76317,F
-1.14762,F
0.89433,F
0.4651,F
-0.12173,F
-0.35667,F
0.44504,F
0.74384,F
9.060116335521542,V
9.531691378978374,V
9.717275004371194,V
0.004609672090005478,V
0.04696103441693081,V
-0.24572375471172286,V
-110.35680812167094,E
1.97811,F
1.06196,F
1.07863,F
-0.48988,F
-1.02323,F
-0.05083,F
-1.24362,F
-0.1007,F
0.05573,F
-0.32021,F
-0.82557,F
0.15325,F
-0.27537,F
-0.14014,F
-0.4606,F
0.59672,F
-0.06259,F
-1.70226,F
1.47219,F
-1.28223,F
0.66991,F
-0.03541,F
-0.2426,F
-0.05338,F
-0.10823,F
1.12825,F
-0.41289,F
-0.65776,F
0.16258,F
0.62516,F
-0.15219,F
1.27104,F
0.58662,F
0.17526,F
-1.42658,F
1.09688,F
0.26451,F
0.21954,F
-0.06271,F
0.40688,F
0.24497,F
-0.81952,F
-0.6958,F
0.63036,F
-0.3602,F
0.27493,F
-0.8264,F
0.02548,F
0.04229,F
-0.22885,F
-0.9621,F
-0.42302,F
1.67487,F
1.57941,F
0.18813,F
0.22976,F
-1.17404,F
0.20877,F
0.01297,F
0.11922,F
0.06836,F
-0.69877,F
0.9362,F
-0.68118,F
-0.69825,F
0.67056,F
-1.35979,F
-0.00818,F
-2.27164,F
-0.61253,F
-0.30404,F
-0.1794,F
1.07712,F
-0.75308,F
1.36004,F
0.075,F
-1.91239,F
0.95893,F
1.73761,F
0.80174,F
-0.59019,F
-0.16258,F
0.79245,F
-0.96127,F
0.08165,F
-0.35534,F
0.52536,F
1.31938,F
0.54423,F
-1.98839,F
-0.1686,F
-0.05036,F
0.2205,F
-2.58075,F
2.16458,F
1.38755,F
-1.7174515327299236,V
-1.2258937344537313,V
-1.5691597514035647,V
0.324592674056114,V
0.1865745119930647,V
-0.23855901342624686,V
-113.22545866122775,E
0.29026,F
-0.47517,F
0.02993,F
0.30124,F
0.60211,F
0.57751,F
0.62226,F
-0.3286,F
-0.5068,F
0.02726,F
0.37292,F
0.41361,F
-0.40861,F
-0.63803,F
-0.78726,F
0.27395,F
0.53587,F
-0.06571,F
0.45937,F
-0.52571,F
-0.62045,F
-0.88671,F
0.00619,F
1.0939,F
0.17613,F
-0.44047,F
-0.80027,F
0.43896,F
-0.14079,F
0.32317,F
-0.41658,F
-0.55155,F
-0.72414,F
0.21318,F
0.62731,F
0.62251,F
-0.0319,F
1.03351,F
-0.38044,F
-0.23197,F
-0.19446,F
0.7886,F
0.44474,F
0.59283,F
0.33343,F
0.03718,F
-0.06459,F
-0.17294,F
-0.64703,F
-0.39742,F
0.13081,F
0.06264,F
0.55049,F
-0.77991,F
0.00806,F
-0.08186,F
0.30851,F
-0.72826,F
0.41294,F
0.89764,F
-0.58781,F
0.76986,F
-0.26933,F
-0.08822,F
0.09805,F
0.11776,F
0.71784,F
0.8159,F
-0.70163,F
0.14213,F
-0.23631,F
-0.32407,F
-0.17794,F
0.52395,F
0.23191,F
0.13689,F
-0.23081,F
0.02701,F
-0.11765,F
-0.66031,F
0.13087,F
-0.63769,F
0.292,F
-0.13028,F
0.82763,F
0.05812,F
0.39767,F
1.11907,F
-0.84893,F
-0.08054,F
-0.38129,F
-0.57941,F
-0.48361,F
-0.95714,F
-0.89765,F
0.40255,F
9.957121058814625,V
11.666465137545895,V
10.222309474434313,V
-1.2796829664359353,V
1.153855760714299,V
-1.5338031681264173,V
-99.92369962761806,E
-3.02202,F
0.68702,F
-0.02204,F
0.99489,F
0.41557,F
-1.25764,F
-0.98211,F
-1.54424,F
1.24653,F
0.73006,F
-2.52467,F
-0.88362,F
-0.52853,F
-0.34271,F
-1.00752,F
2.71768,F
-0.4811,F
0.92827,F
0.2778,F
-0.10816,F
1.05044,F
-0.97334,F
0.92217,F
0.18875,F
1.20701,F
0.58457,F
-1.33006,F
1.96405,F
-3.46125,F
-0.08188,F
-2.42959,F
-0.6522,F
0.3563,F
0.9599,F
0.31175,F
-1.36831,F
-0.03359,F
0.93054,F
0.30304,F
-2.50496,F
-3.26107,F
-3.2255,F
2.10264,F
0.30902,F
0.19305,F
-1.55745,F
0.89577,F
0.81611,F
3.09568,F
-7.12129,F
12.63737,F
-1.9598,F
-0.9126,F
1.2294,F
-0.74609,F
1.00844,F
-0.32701,F
0.87827,F
0.00848,F
-0.43651,F
1.61365,F
2.73118,F
-1.8731,F
0.11813,F
-0.50138,F
-1.57851,F
-0.05994,F
-0.95076,F
1.54325,F
-0.28533,F
10.5197,F
-10.6565,F
-0.93339,F
-0.44953,F
-0.90002,F
-0.24238,F
0.22492,F
-0.03107,F
-1.46568,F
1.3228,F
-1.38835,F
2.43399,F
1.245,F
0.56032,F
-3.50074,F
0.1396,F
2.21899,F
1.1731,F
1.12531,F
0.88606,F
-0.03446,F
1.98833,F
1.30276,F
0.99253,F
-3.05922,F
0.907,F
12.486309912313297,V
11.263932956473933,V
9.102516604017781,V
0.8394422443984129,V
-1.739753245675311,V
1.3892524455822264,V
-100.6491197416978,E
-0.32889,F
2.41148,F
0.29392,F
2.09571,F
-0.15913,F
-2.14653,F
0.10792,F
-1.43822,F
-1.98724,F
-2.6921,F
1.34475,F
1.19197,F
0.60364,F
-0.03584,F
-3.10357,F
-0.9899,F
2.6402,F
1.86613,F
0.09389,F
0.18945,F
0.23173,F
-3.1969,F
1.23645,F
0.9328,F
2.19639,F
-0.57831,F
0.74124,F
-3.24501,F
0.36024,F
1.65762,F
-0.33599,F
0.57016,F
-1.37272,F
0.67213,F
0.03008,F
0.66696,F
-2.92611,F
-3.72087,F
0.06046,F
2.62882,F
1.12633,F
2.20509,F
0.6695,F
-0.00174,F
-0.73336,F
3.94165,F
1.94289,F
-0.15798,F
2.44872,F
0.23603,F
2.39228,F
-1.86264,F
-4.22692,F
1.27396,F
0.4709,F
1.96783,F
0.68465,F
2.30614,F
-0.05695,F
0.18659,F
-0.66527,F
-0.80148,F
-3.15373,F
1.07151,F
0.18856,F
-0.82834,F
1.15395,F
0.43287,F
-0.12139,F
-0.54745,F
1.08698,F
0.61707,F
-0.4749,F
0.57357,F
-0.82806,F
-3.0537,F
-0.43262,F
1.22169,F
-0.63751,F
-2.08811,F
0.28098,F
-1.41621,F
-1.32099,F
-0.35608,F
-0.55675,F
-0.61383,F
-0.21885,F
2.38632,F
1.24075,F
2.42954,F
-1.40868,F
0.5518,F
-3.82524,F
1.49082,F
-2.65542,F
-0.10158,F
14.063770950098293,V
10.322395075686389,V
13.627608689745824,V
1.7420739038094446,V
-0.31870947700333746,V
0.2778592405701812,V
-95.01652574427249,E
-0.2596,F
1.75129,F
-2.09141,F
0.21938,F
-0.1325,F
0.58524,F
19.24501,F
-0.82216,F
-11.56781,F
2.49344,F
-2.55568,F
2.29514,F
2.54387,F
1.43989,F
12.50487,F
-0.9916,F
0.22227,F
-1.44103,F
-0.92219,F
-2.48917,F
0.52651,F
0.12687,F
-0.01365,F
-0.20682,F
-0.63415,F
-0.57098,F
0.36996,F
0.47192,F
0.3025,F
0.04524,F
-0.50633,F
1.15347,F
-0.82063,F
0.79514,F
-0.46404,F
0.77207,F
0.27245,F
0.01037,F
2.77129,F
-2.29622,F
-1.00499,F
-1.34106,F
1.35551,F
0.19759,F
1.45722,F
0.45799,F
-1.23914,F
0.66314,F
0.07939,F
-0.09501,F
-1.77677,F
-3.09344,F
-1.36769,F
-3.29643,F
-18.44256,F
3.09374,F
0.43315,F
1.3563,F
-0.88813,F
-0.80973,F
-0.45127,F
0.02227,F
1.83408,F
0.42845,F
-0.24414,F
-2.02429,F
-1.06418,F
-1.2755,F
-1.68659,F
-0.82197,F
0.89256,F
2.98499,F
-0.15774,F
0.46885,F
0.85235,F
-1.26261,F
-0.69269,F
1.23634,F
-3.33063,F
3.11654,F
-2.03564,F
1.40427,F
-1.58134,F
-0.18943,F
1.80996,F
-0.1745,F
0.11432,F
-1.69371,F
-1.02304,F
0.48587,F
0.97425,F
0.63565,F
-1.35752,F
1.894,F
3.32738,F
0.71338,F
12.240846237264492,V
8.401948072144702,V
8.74408941565761,V
1.1906450747332529,V
-0.783995591477351,V
0.10802977005458562,V
-102.0712298156356,E
0.39487,F
-0.68548,F
1.62588,F
0.53512,F
-0.63063,F
1.51223,F
-0.81524,F
-0.31081,F
0.33524,F
2.22614,F
0.22823,F
0.89587,F
1.79437,F
-1.16528,F
-1.85152,F
-1.15102,F
-0.22666,F
0.09758,F
-1.43001,F
0.93336,F
-2.58674,F
0.59617,F
2.38307,F
1.46656,F
-0.9455,F
1.60106,F
-1.05703,F
-1.58912,F
-0.19463,F
-2.00681,F
6.23297,F
-0.37219,F
-2.39837,F
-0.00012,F
0.1121,F
-0.08971,F
0.25657,F
0.45576,F
0.26248,F
2.33506,F
-0.44753,F
-0.27063,F
-9.37065,F
0.92159,F
3.72454,F
-2.20932,F
-1.31285,F
0.33289,F
1.3588,F
-0.23649,F
0.43897,F
-1.308,F
-0.62582,F
-2.33323,F
-1.70494,F
-1.60748,F
-0.2957,F
-0.04301,F
-0.20843,F
-0.50067,F
1.59782,F
-2.69111,F
-0.5878,F
1.43539,F
0.92762,F
-1.66232,F
-1.45182,F
0.42187,F
1.99279,F
2.24469,F
1.34768,F
-0.613,F
-0.56564,F
0.89368,F
0.86209,F
0.72106,F
0.45918,F
0.62368,F
1.21805,F
-0.80845,F
1.03499,F
-1.84806,F
2.86118,F
-0.31399,F
0.05878,F
1.4598,F
2.51326,F
1.20028,F
-1.26271,F
-1.37482,F
0.22657,F
-2.00252,F
-0.08219,F
-0.00024,F
-0.2171,F
0.30547,F
8.296061288791591,V
9.402363148287948,V
8.012807693216468,V
-0.06098578498643268,V
-0.5467719511470605,V
1.922024746353326,V
-103.70975210756679,E
-0.40658,F
0.01353,F
0.23454,F
0.03233,F
0.03046,F
0.81084,F
3.95176,F
3.96498,F
-0.71843,F
0.26552,F
-0.80558,F
-0.21931,F
0.31619,F
1.02647,F
-1.93751,F
-1.05587,F
-1.54611,F
-0.67063,F
0.15355,F
-1.18041,F
-0.4755,F
1.44913,F
-2.44724,F
-0.84227,F
2.82999,F
0.50341,F
1.06842,F
0.38024,F
0.04962,F
1.12817,F
-0.15039,F
-0.08614,F
0.13889,F
-1.53783,F
-4.75011,F
2.56453,F
1.53624,F
0.47375,F
-1.09272,F
-2.27789,F
-2.28632,F
2.67196,F
-0.36622,F
0.81623,F
-0.26634,F
-1.20739,F
-0.72908,F
2.02649,F
-0.1054,F
0.13168,F
-0.05407,F
0.42634,F
-0.63692,F
3.2772,F
-1.03941,F
1.30608,F
-0.2474,F
0.42929,F
-1.77518,F
2.40075,F
2.28183,F
4.26891,F
-1.25534,F
0.37637,F
-1.40665,F
-1.79862,F
-0.76033,F
0.18829,F
-0.65604,F
-1.91459,F
-0.36863,F
-0.12336,F
0.41493,F
-0.31448,F
-4.01911,F
-1.36287,F
0.82886,F
-1.81482,F
-1.45252,F
-1.59008,F
0.67468,F
0.2829,F
0.45954,F
0.24421,F
0.51879,F
1.36027,F
0.04439,F
0.3603,F
1.354,F
0.04509,F
-1.57609,F
2.2839,F
-1.23392,F
-0.79231,F
0.86295,F
0.09523,F
6.810828302034747,V
8.639484647048594,V
6.363824332427553,V
-0.26954637710857865,V
-0.5915573882796996,V
-0.58587112034055,V
-104.22352581408586,E
0.29201,F
1.79615,F
-0.08387,F
-3.11134,F
-0.19439,F
2.35247,F
-0.83178,F
-0.45301,F
0.14285,F
0.02448,F
0.88663,F
0.56074,F
1.68409,F
-1.68307,F
2.46584,F
-0.23855,F
2.77057,F
-1.4319,F
-1.40993,F
-0.85161,F
1.11562,F
-0.10945,F
0.35394,F
-0.62287,F
1.02495,F
0.18511,F
-0.65414,F
-0.29592,F
-0.63741,F
-2.38096,F
0.84697,F
-1.21048,F
0.29038,F
1.03684,F
-0.18532,F
0.99405,F
1.1006,F
0.43796,F
0.71658,F
0.27457,F
-2.80773,F
-0.31755,F
0.52729,F
-0.69481,F
0.87458,F
0.05256,F
-1.94968,F
-2.08318,F
-0.8374,F
1.29321,F
-1.48224,F
0.2676,F
-0.28251,F
-0.07093,F
-1.22379,F
0.17339,F
-0.25107,F
0.49002,F
-0.73095,F
-0.29441,F
0.70697,F
0.63202,F
-2.20428,F
-0.27098,F
0.83378,F
-2.44471,F
1.81999,F
-0.71755,F
2.20127,F
-1.77145,F
-0.13828,F
0.46619,F
-1.07485,F
-0.3477,F
1.52639,F
-0.93765,F
0.52935,F
1.07273,F
-0.2735,F
0.22496,F
-0.02638,F
-0.52045,F
0.18454,F
-0.06127,F
0.3026,F
1.48166,F
0.28207,F
3.22671,F
-0.56985,F
-0.08512,F
0.59927,F
0.81636,F
-1.20154,F
-1.37047,F
0.8547,F
0.63468,F
7.744594342540659,V
6.102269880051459,V
7.491721407539694,V
-1.5271425549248536,V
-0.3490903191807503,V
0.9489456920191766,V
-103.61994226580775,E
-3.79386,F
1.81341,F
-0.87084,F
-0.18651,F
1.78222,F
2.61214,F
2.13436,F
-0.92924,F
-0.05861,F
0.5782,F
1.73938,F
-1.36399,F
1.94398,F
2.92104,F
-0.16504,F
0.69318,F
0.12341,F
-1.13576,F
-0.11545,F
-1.62375,F
0.49857,F
2.61925,F
1.67248,F
-2.29579,F
0.57088,F
-1.4199,F
-0.25778,F
0.4116,F
-1.03019,F
1.65393,F
0.21824,F
0.14541,F
0.2719,F
0.6067,F
0.12069,F
0.98509,F
-0.93265,F
1.37766,F
1.22748,F
-2.18893,F
0.32987,F
1.20945,F
-0.05269,F
-0.49694,F
-0.35535,F
0.50174,F
-0.94189,F
-0.148,F
-0.58848,F
-0.36993,F
1.29244,F
-1.41974,F
-1.59309,F
-1.16624,F
0.57881,F
-0.94523,F
0.28652,F
-0.01688,F
0.16002,F
-0.33893,F
-0.11366,F
-0.18446,F
-1.15025,F
-0.44666,F
-1.58635,F
-0.53448,F
-1.31689,F
0.33133,F
-2.06807,F
-0.5651,F
0.48209,F
-0.45495,F
0.43077,F
0.04946,F
0.99649,F
-2.81854,F
-1.91282,F
-0.16244,F
-0.63535,F
-0.6956,F
0.81899,F
1.01094,F
2.31179,F
-0.15895,F
2.65875,F
-0.96994,F
-2.60428,F
3.54746,F
-2.09893,F
1.90136,F
-1.36414,F
1.21451,F
1.56512,F
-1.94932,F
0.22345,F
-0.02973,F
8.048591526700305,V
7.551165058795974,V
7.841119953021183,V
-1.3542567339636187,V
-1.1618777616233562,V
0.13728651419256618,V
-104.5973745446221,E
-0.32605,F
-0.57125,F
0.60692,F
-0.48444,F
-1.4084,F
1.65376,F
-0.24739,F
-0.27201,F
0.30732,F
-1.63183,F
-2.40403,F
0.32516,F
-0.26683,F
-0.61528,F
1.0518,F
-0.63467,F
0.714,F
-0.21796,F
0.33959,F
0.91895,F
0.6304,F
-0.53386,F
0.74498,F
0.23359,F
0.22197,F
-0.60963,F
-0.21772,F
1.33638,F
1.12778,F
0.77981,F
0.19233,F
-0.12193,F
-0.22734,F
0.18646,F
0.933,F
-1.47112,F
-1.00846,F
-0.73922,F
1.55052,F
1.63819,F
0.23476,F
-1.34209,F
-0.0201,F
-0.33983,F
0.42362,F
-3.57498,F
2.19753,F
2.5084,F
0.32742,F
0.881,F
0.31183,F
-0.25836,F
0.88118,F
0.73479,F
-1.23115,F
1.42817,F
-1.7367,F
1.30946,F
1.2452,F
-0.5711,F
-0.75708,F
0.26362,F
0.58898,F
-0.78687,F
-0.90325,F
-0.02219,F
0.71664,F
1.2176,F
-0.00754,F
-1.85972,F
-1.20318,F
0.3036,F
0.39766,F
-0.83983,F
3.03077,F
0.7688,F
-1.146,F
0.09606,F
0.83311,F
-0.94318,F
-0.79568,F
-0.27263,F
0.71663,F
-0.09755,F
0.14674,F
1.96974,F
-2.98388,F
3.09245,F
-1.89468,F
-3.98939,F
2.27632,F
-0.67811,F
-1.55201,F
0.11089,F
-0.78435,F
0.09493,F
7.968023066199853,V
9.34107670354841,V
7.191108535713779,V
1.888400257436235,V
0.03949899758466469,V
-0.7585036924463485,V
-101.80857035872395,E
-0.72412,F
1.05065,F
-0.27537,F
-0.41162,F
2.17595,F
0.23847,F
1.12145,F
-0.94072,F
-2.01216,F
3.56852,F
-4.18544,F
1.24331,F
0.60134,F
1.04753,F
1.52682,F
-0.2418,F
0.21336,F
3.80063,F
0.86541,F
-1.45349,F
-1.52433,F
2.75765,F
3.72804,F
2.76724,F
-0.86353,F
2.11327,F
-0.83755,F
2.64709,F
-0.06168,F
0.15014,F
-0.24882,F
-0.24363,F
0.11976,F
-1.36705,F
4.8868,F
5.2094,F
-2.00781,F
-0.01167,F
-0.29745,F
0.63936,F
1.242,F
0.67223,F
1.14004,F
1.73008,F
-0.26849,F
-1.74103,F
-0.2558,F
-0.42635,F
-0.2351,F
-1.25049,F
1.20087,F
-0.32484,F
0.5507,F
-1.41679,F
1.20715,F
-1.42084,F
-0.94761,F
-0.31305,F
0.55821,F
-2.12734,F
-0.85135,F
-2.37113,F
0.73887,F
-0.25368,F
1.23914,F
-0.27763,F
0.51708,F
-0.14385,F
-0.85149,F
1.45744,F
0.52011,F
-0.56786,F
0.2736,F
-6.0529,F
-3.19358,F
2.15677,F
-1.18132,F
-1.1443,F
-0.9935,F
-0.57156,F
0.50911,F
-4.34685,F
-2.88374,F
-2.00944,F
0.04476,F
0.36319,F
-0.0194,F
-0.59581,F
0.40973,F
-0.42199,F
-3.11756,F
1.16597,F
0.27263,F
-0.3601,F
0.03354,F
0.16967,F
7.162182331990983,V
11.94262233472618,V
10.184421114227801,V
-0.03371033963058069,V
0.43815460591618477,V
0.3953443569835698,V
-102.65656195854815,E
1.66896,F
3.36267,F
0.39223,F
0.98106,F
0.55303,F
-1.11782,F
0.17562,F
-0.05429,F
0.73575,F
-1.97611,F
-2.0844,F
-2.25187,F
-0.929,F
-2.01988,F
-1.0049,F
2.41868,F
-0.7608,F
3.16818,F
-2.0022,F
-0.97466,F
1.29707,F
0.02062,F
-3.58945,F
0.39944,F
0.40489,F
1.42149,F
3.49954,F
-0.77968,F
-0.37232,F
0.4882,F
-0.2131,F
-0.03078,F
0.07258,F
-0.32276,F
-0.4077,F
1.291,F
-0.25491,F
2.91034,F
-0.07408,F
-0.83632,F
3.1895,F
-0.16894,F
2.95176,F
-2.3355,F
-1.3882,F
-0.69351,F
3.22571,F
0.50206,F
0.11014,F
-0.86939,F
4.36009,F
-1.0314,F
-0.84145,F
-0.15778,F
2.51306,F
-0.33772,F
-1.89508,F
1.18157,F
-1.61213,F
-1.36908,F
-0.61515,F
-0.12019,F
1.41264,F
-1.89753,F
1.50833,F
-1.65112,F
-0.61509,F
-1.06856,F
0.51233,F
1.59175,F
3.42162,F
-0.35048,F
-0.03999,F
-0.1548,F
1.36868,F
-2.32458,F
-2.75206,F
-0.1059,F
-0.37203,F
-0.95427,F
0.31378,F
-0.19329,F
0.91984,F
-0.89607,F
0.90463,F
-0.99846,F
-1.68177,F
0.06761,F
1.45536,F
-2.25389,F
-1.16758,F
1.7471,F
-3.00717,F
1.27388,F
-1.37618,F
-0.43941,F
7.245737455532146,V
7.8406095255887545,V
7.221485094553074,V
0.71629947580112,V
-1.9666051292738154,V
-0.5414722103215084,V
-102.17505780891506,E
2.35763,F
-4.48664,F
0.10212,F
0.67719,F
-0.52155,F
0.72041,F
0.43221,F
4.08172,F
0.47251,F
0.2181,F
-1.47821,F
-0.53192,F
1.05453,F
0.35922,F
1.71253,F
-1.12001,F
1.09858,F
0.63158,F
-0.75458,F
0.21045,F
-0.48003,F
-1.76299,F
3.60485,F
0.6363,F
-0.15124,F
-0.41564,F
2.27626,F
-1.00185,F
-0.56047,F
-1.99795,F
-1.01212,F
0.90693,F
-0.12078,F
-0.18636,F
2.30677,F
-0.67995,F
0.88729,F
-0.40481,F
-0.59618,F
1.0361,F
-0.37075,F
-1.26526,F
0.12073,F
-0.04753,F
-0.21908,F
1.06411,F
-3.26696,F
-1.61432,F
-0.6992,F
-0.2616,F
0.49637,F
-2.28215,F
0.7695,F
1.66152,F
-0.47656,F
0.57529,F
1.15406,F
-1.53322,F
-1.42044,F
-1.83597,F
0.49485,F
0.283,F
0.94731,F
-0.3143,F
0.64252,F
-0.28725,F
0.20042,F
-0.17606,F
-0.53241,F
1.2647,F
0.01737,F
-0.41893,F
0.30106,F
-0.0232,F
-0.81306,F
2.61515,F
0.52705,F
0.43359,F
-2.58614,F
-5.76356,F
2.53418,F
-1.17651,F
3.03115,F
-0.10742,F
-1.49768,F
-2.81643,F
2.54645,F
-0.62746,F
0.26222,F
2.79464,F
3.6878,F
3.32569,F
-4.71144,F
0.77048,F
0.01152,F
-2.90789,F
7.23841292443779,V
11.73303020695058,V
11.354545468597156,V
0.9045970058940307,V
-0.23558811632090507,V
1.0975643768935188,V
-101.47848414956137,E
-0.44406,F
-0.2865,F
1.85455,F
-1.11344,F
1.33722,F
3.11255,F
0.99485,F
-0.4747,F
0.86601,F
-0.93397,F
0.39714,F
-0.35959,F
0.79813,F
1.81305,F
0.12876,F
0.88571,F
-0.3348,F
0.48179,F
-2.49267,F
-3.20564,F
0.42319,F
0.94985,F
-0.66652,F
-1.1335,F
-1.00321,F
-0.70343,F
-0.51388,F
2.28126,F
0.13246,F
1.3586,F
-0.16179,F
0.06064,F
0.35281,F
-0.38798,F
-0.02271,F
-1.22352,F
0.69062,F
-0.56096,F
1.64578,F
-1.25611,F
0.8087,F
0.48444,F
-0.49901,F
1.60486,F
3.04565,F
-0.52807,F
-0.95982,F
-2.57896,F
-1.44998,F
-1.66747,F
-2.55118,F
-1.82225,F
2.07752,F
1.27893,F
1.10722,F
0.52683,F
3.17914,F
-1.55965,F
-3.17016,F
1.67458,F
1.60533,F
0.56576,F
-3.88943,F
1.40216,F
-0.83197,F
1.14003,F
0.57584,F
1.79951,F
-0.5972,F
3.60321,F
1.83154,F
-2.34355,F
0.2391,F
4.05875,F
-3.84618,F
0.29344,F
-1.88088,F
-0.38374,F
-0.5788,F
1.62875,F
0.97982,F
0.90301,F
0.43955,F
-2.07171,F
1.52586,F
0.5615,F
-0.52997,F
-1.78902,F
-1.57049,F
0.14309,F
-0.25824,F
-2.58373,F
0.3924,F
-1.57733,F
-0.72399,F
-0.51968,F
6.811961417548318,V
8.556198540956723,V
8.275669129721122,V
2.008387175005559,V
0.410417942652998,V
-0.40242960070626527,V
-102.50569293711675,E
-3.3242,F
1.41461,F
3.28003,F
1.72944,F
2.85084,F
0.36798,F
-0.38524,F
-1.19631,F
-2.50324,F
-1.54136,F
-3.31126,F
0.93891,F
2.2166,F
-0.70391,F
-0.56653,F
1.66507,F
-0.54904,F
-1.08626,F
0.95534,F
1.03742,F
1.65022,F
2.03142,F
-2.58937,F
1.84921,F
-0.41468,F
-1.04984,F
-0.21505,F
1.80693,F
-1.634,F
-1.28573,F
-3.4059,F
-0.05356,F
-5.4717,F
-0.63752,F
1.08259,F
-0.28816,F
-0.23653,F
-0.41918,F
0.90302,F
0.27471,F
1.87801,F
1.18885,F
-3.71024,F
-1.48377,F
1.48668,F
-0.32984,F
-0.98004,F
-1.19017,F
-0.85384,F
0.43631,F
-0.98807,F
0.31553,F
-0.52698,F
-0.29388,F
-0.16922,F
-0.10498,F
-0.02862,F
0.26131,F
0.48014,F
0.34514,F
0.18818,F
2.93377,F
0.87644,F
-3.54334,F
-0.07732,F
-2.47558,F
1.70628,F
0.41675,F
-1.71306,F
-1.09841,F
0.89639,F
0.62914,F
-0.05072,F
-0.52444,F
-1.19061,F
0.24162,F
0.15591,F
0.77113,F
1.27424,F
0.48293,F
-0.15781,F
0.08627,F
1.66142,F
1.22043,F
4.07924,F
-0.90447,F
-2.42372,F
-0.96274,F
-1.00731,F
-0.87671,F
-2.14351,F
1.366,F
0.65206,F
3.9751,F
0.02267,F
6.59566,F
8.734705873121106,V
4.245124621445635,V
5.886218579534857,V
-0.144712627158445,V
0.3109955123658377,V
-0.5767615795564347,V
-104.61073692266233,E
-0.18871,F
-0.02815,F
0.18082,F
-1.26715,F
-1.57248,F
-0.02015,F
-0.65911,F
0.65113,F
1.44549,F
-1.11482,F
-0.41086,F
-0.31994,F
-1.07216,F
-0.80834,F
-2.09498,F
2.81783,F
-0.48881,F
-0.70759,F
-1.35704,F
0.1736,F
2.22254,F
0.33683,F
-1.01012,F
0.41716,F
1.44019,F
-0.75258,F
-0.33117,F
-0.0943,F
-1.80392,F
0.52191,F
-2.79581,F
0.70807,F
2.67345,F
0.25552,F
1.01894,F
-1.57211,F
1.31316,F
1.75218,F
-0.62164,F
0.63834,F
2.0371,F
0.43274,F
-0.98428,F
-0.52671,F
0.09099,F
-0.64282,F
1.51004,F
1.43693,F
0.25243,F
0.55324,F
-1.48738,F
-1.20909,F
-0.73481,F
-1.41766,F
0.14649,F
0.05613,F
0.13453,F
0.50314,F
-1.17126,F
-0.72923,F
-0.6184,F
0.01951,F
0.70242,F
-2.66844,F
-0.31848,F
-2.04466,F
-0.05809,F
0.85883,F
1.97554,F
1.14458,F
0.40352,F
0.71847,F
0.47038,F
-0.30546,F
-1.24888,F
-0.96859,F
0.0696,F
0.56237,F
1.68365,F
0.53298,F
0.04905,F
1.02521,F
1.62351,F
0.72776,F
-0.63584,F
-0.87382,F
-0.10376,F
-0.87959,F
-0.0025,F
-1.65714,F
4.66774,F
-1.5267,F
-0.96664,F
0.51875,F
0.36664,F
1.03079,F
6.0162283067978874,V
6.289181540189059,V
6.096827356796243,V
0.10713582721835778,V
-2.9153444095114396,V
-1.1169850092398488,V
-104.7241324781616,E
-0.0954,F
0.85248,F
-0.21816,F
0.34872,F
-3.78285,F
-0.34475,F
-0.85186,F
-0.04929,F
2.30433,F
0.03079,F
1.18488,F
-0.40086,F
-0.84321,F
1.55058,F
-0.46071,F
-2.04497,F
-0.14063,F
2.72384,F
-1.25969,F
-0.48186,F
0.21722,F
-1.55793,F
-1.39562,F
-0.66886,F
-1.41756,F
-0.80998,F
0.42784,F
1.86259,F
-0.51073,F
-0.48271,F
0.32144,F
0.40728,F
-0.14803,F
3.00836,F
-1.45093,F
1.05853,F
-0.80555,F
3.35558,F
2.55249,F
0.65069,F
0.52554,F
1.75421,F
-0.37523,F
-0.10439,F
1.91733,F
-0.08655,F
0.89733,F
-1.6703,F
1.31293,F
-0.16334,F
-0.50192,F
2.76513,F
-0.73027,F
-1.44749,F
-1.02213,F
0.93607,F
0.49239,F
-0.45114,F
-0.79494,F
-1.02231,F
0.43358,F
0.73792,F
0.11426,F
-0.30665,F
-0.47186,F
-0.77298,F
1.68709,F
-1.34449,F
-0.26031,F
0.91349,F
-0.46511,F
-0.14842,F
-0.50943,F
0.1544,F
0.15353,F
-0.58222,F
1.25842,F
-0.99037,F
0.84637,F
0.27316,F
-0.79986,F
1.11386,F
-0.05982,F
-1.58382,F
-2.05612,F
-0.43721,F
-0.60158,F
0.88672,F
0.56275,F
-1.52175,F
-1.15438,F
-0.37332,F
0.02888,F
-0.76177,F
0.87022,F
0.30033,F
9.31464681171536,V
14.527846533986411,V
10.65885269390367,V
3.718847835842179,V
0.8445511505892899,V
2.043317339284709,V
-96.02688302730024,E
-3.5172,F
-2.07793,F
-0.80963,F
1.84446,F
8.07734,F
6.23292,F
2.81379,F
3.551,F
2.07711,F
0.88054,F
-1.77699,F
2.35539,F
0.97078,F
-0.84772,F
3.28935,F
0.1768,F
1.2334,F
-0.11899,F
-5.54194,F
-16.569,F
-9.23134,F
0.30096,F
-1.36719,F
-0.02561,F
-1.13843,F
1.54287,F
-1.78081,F
0.59739,F
-0.27371,F
0.28271,F
-2.1423,F
1.22038,F
1.4486,F
1.15146,F
-0.97821,F
1.37684,F
0.07799,F
0.07659,F
-0.93632,F
-1.32466,F
0.42585,F
0.26181,F
0.01927,F
-0.49956,F
-1.78188,F
-0.8363,F
-0.15452,F
0.02824,F
-2.14501,F
0.37202,F
-0.36809,F
1.69257,F
2.84702,F
-1.78486,F
-1.62326,F
1.3995,F
-1.27885,F
-1.41614,F
-2.99393,F
0.0465,F
1.21949,F
-0.34987,F
-1.01327,F
-0.58749,F
-0.38803,F
-2.42437,F
-0.004,F
1.10755,F
1.28255,F
-0.98466,F
0.61748,F
1.024,F
5.75543,F
5.48481,F
3.98285,F
2.6898,F
-1.39749,F
-2.47705,F
-1.63734,F
1.05774,F
0.2658,F
0.0577,F
0.16942,F
1.40256,F
1.30018,F
1.27965,F
-0.39117,F
1.37298,F
-1.33027,F
1.2313,F
-0.57753,F
-0.3101,F
-1.92577,F
0.55468,F
0.8519,F
-0.24053,F
8.179664851091868,V
9.06765076796026,V
6.771857763155305,V
2.1901683954019626,V
-0.18384065450166048,V
-1.505913104107745,V
-102.93763883447119,E
-0.05996,F
1.52715,F
0.09751,F
-1.57181,F
0.29616,F
0.07484,F
0.66226,F
0.25404,F
2.04405,F
0.72966,F
0.5384,F
-0.26223,F
-1.16682,F
-0.05888,F
1.03813,F
-0.67688,F
0.82759,F
-1.20297,F
-5.03239,F
0.85308,F
0.8385,F
0.96615,F
-0.72621,F
-0.89928,F
-2.13703,F
0.74157,F
0.12531,F
-0.54072,F
0.34572,F
0.91987,F
0.63611,F
0.33643,F
0.0378,F
3.72986,F
-0.87452,F
1.30087,F
1.21231,F
-0.26197,F
-0.81723,F
0.22461,F
1.5371,F
1.58266,F
0.05134,F
-0.20506,F
-0.24807,F
1.12838,F
-0.03403,F
-2.43914,F
-0.43848,F
-0.38717,F
0.56568,F
2.03698,F
0.71842,F
2.15204,F
-0.29499,F
1.40006,F
-0.83674,F
0.45889,F
-4.61902,F
-1.78999,F
0.03503,F
-0.748,F
0.82237,F
1.59705,F
3.18483,F
2.09995,F
0.09842,F
0.47965,F
0.02067,F
2.69294,F
-4.97999,F
-4.08611,F
0.60999,F
-2.81301,F
-1.07928,F
-0.95327,F
1.95054,F
0.30004,F
-2.9263,F
1.77972,F
-0.72527,F
0.82189,F
0.17785,F
-1.15117,F
0.24779,F
0.39165,F
1.57188,F
-0.10644,F
-0.43822,F
0.78382,F
-2.52323,F
-0.67764,F
-0.69335,F
0.48865,F
-0.51624,F
-0.14518,F
10.78988087536519,V
8.383949650952829,V
15.23948870365177,V
-1.3508012808660124,V
1.3546362258186324,V
0.33726560556605195,V
-88.91564991861456,E
-1.3035,F
-1.94088,F
-3.3228,F
5.38271,F
-7.98229,F
32.66825,F
0.79011,F
0.5752,F
-1.58757,F
-0.94344,F
0.81042,F
-0.49015,F
-16.05864,F
-6.99578,F
-1.24093,F
-6.52913,F
9.26652,F
-32.46657,F
0.43453,F
0.9457,F
3.36602,F
-0.66907,F
-0.3108,F
-0.10327,F
2.05605,F
0.17854,F
1.48749,F
1.16001,F
0.37797,F
2.15838,F
19.69336,F
3.78532,F
-2.56672,F
0.88667,F
-0.57325,F
-1.33212,F
0.43899,F
4.17328,F
-2.48155,F
1.66763,F
-1.53972,F
-1.22795,F
-0.40069,F
0.01327,F
1.10952,F
-1.16733,F
0.40454,F
1.06246,F
-0.41288,F
1.16613,F
0.36242,F
0.72355,F
1.43408,F
-0.36229,F
0.39324,F
1.69193,F
0.00811,F
-2.34211,F
-0.01467,F
2.35548,F
-2.71162,F
1.97953,F
4.81377,F
-0.58606,F
-2.26736,F
-0.0555,F
2.79452,F
-1.54994,F
0.0904,F
0.15087,F
0.60803,F
1.70011,F
-2.10677,F
1.06673,F
-0.68773,F
-0.74948,F
-3.87718,F
-4.57983,F
-0.17718,F
-0.28751,F
-0.59282,F
0.46522,F
-0.19695,F
2.89192,F
-0.64784,F
0.73076,F
3.86633,F
1.35348,F
-1.65263,F
-1.58354,F
-1.87987,F
1.22491,F
-2.94886,F
0.29466,F
-1.24388,F
-0.31043,F
3.4464272220256884,V
4.889243189764678,V
7.022044319343982,V
1.6580366236755009,V
0.2920801446901415,V
0.7696709405037605,V
-103.19820528359496,E
-1.15083,F
0.88549,F
-0.98626,F
-0.52194,F
-0.32418,F
-1.25796,F
-0.47644,F
0.34098,F
-1.39039,F
0.13652,F
1.10357,F
1.37546,F
4.24971,F
3.03964,F
-0.60955,F
-0.04636,F
0.02491,F
0.13501,F
0.13514,F
-0.13028,F
0.89677,F
2.08256,F
1.18913,F
0.88807,F
-2.21809,F
0.19071,F
0.08371,F
-0.52144,F
1.45061,F
-0.02188,F
-0.7717,F
-0.56725,F
2.81939,F
-0.13413,F
0.07642,F
-0.67696,F
0.15923,F
1.16863,F
1.25606,F
0.51496,F
-0.94939,F
0.51708,F
-2.01303,F
-4.6649,F
0.19842,F
-3.88173,F
1.52263,F
-1.04039,F
0.2016,F
0.49591,F
1.10538,F
-0.07362,F
0.02047,F
1.38974,F
0.51431,F
2.56873,F
-1.20372,F
-0.12176,F
0.97141,F
0.62907,F
3.24486,F
-0.18856,F
-1.50065,F
-0.43654,F
-0.61162,F
-0.55225,F
-0.22571,F
-0.52774,F
1.09343,F
0.21068,F
0.11949,F
-1.52214,F
1.28047,F
-2.60193,F
1.56192,F
-1.01105,F
-1.55739,F
-0.95499,F
0.26551,F
-0.59418,F
-1.77915,F
0.65961,F
-1.46648,F
-0.71393,F
-0.72101,F
-1.57349,F
-1.6635,F
2.56231,F
-0.03122,F
2.2436,F
-0.04081,F
-0.09355,F
0.09105,F
-1.85126,F
0.71342,F
-0.41047,F
8.661556715342666,V
6.440491961448302,V
8.355482869638134,V
0.8926187606528502,V
0.46747315482550117,V
0.052683241283480356,V
-102.23172202649317,E
0.21818,F
-0.3139,F
0.29624,F
0.83217,F
1.40804,F
0.10801,F
-0.79653,F
1.02912,F
0.52186,F
0.08224,F
-0.21946,F
-1.408,F
-0.05759,F
0.3973,F
-1.77434,F
-0.53518,F
-1.22074,F
-2.60128,F
0.28631,F
-0.14445,F
-2.5497,F
2.80604,F
-0.74262,F
0.71988,F
-0.74167,F
0.68178,F
-0.77758,F
-1.61967,F
1.39715,F
2.1089,F
2.23695,F
-0.83534,F
1.39387,F
-1.85203,F
1.24634,F
0.48995,F
2.60043,F
0.93238,F
0.31957,F
4.36081,F
-1.88781,F
2.59002,F
-0.22517,F
2.04136,F
1.42645,F
3.1809,F
2.0506,F
4.15149,F
1.02325,F
0.12354,F
0.04624,F
0.06065,F
-1.29474,F
-1.45056,F
0.48306,F
-0.26056,F
-0.15537,F
-0.42717,F
-0.4973,F
0.71562,F
-1.16345,F
-1.09818,F
-0.22391,F
2.30154,F
-1.40691,F
-2.24034,F
-2.88452,F
-4.01892,F
-1.19925,F
-0.46546,F
-0.86549,F
0.33092,F
-2.46563,F
0.15961,F
1.4015,F
-0.0668,F
-1.40763,F
0.92001,F
-0.90178,F
-0.81834,F
0.33485,F
0.27214,F
0.34518,F
-3.39766,F
-5.00597,F
0.41475,F
-2.69824,F
0.76869,F
1.19501,F
1.54983,F
-1.9355,F
3.35557,F
1.04993,F
-0.36925,F
0.25469,F
0.00109,F
3.327870279201152,V
2.673716836605929,V
5.560520863139495,V
0.697817838044612,V
0.4931978382408741,V
0.8780105021466168,V
-103.98859859369303,E
-0.56527,F
0.48956,F
1.71527,F
-2.32652,F
0.19544,F
-0.57918,F
1.56542,F
3.13021,F
2.14961,F
2.9261,F
0.39383,F
0.81757,F
0.79362,F
1.2202,F
2.39449,F
0.06173,F
0.76125,F
-0.13404,F
0.5154,F
1.72453,F
2.98348,F
0.38006,F
-0.20582,F
1.36556,F
-1.75125,F
-2.50875,F
-2.37189,F
-1.58935,F
0.87229,F
-0.56059,F
1.46962,F
0.29036,F
-0.30944,F
2.6813,F
-1.65867,F
-0.86466,F
-0.30729,F
-0.30868,F
-0.43905,F
-1.68883,F
-0.51307,F
0.26706,F
-1.04913,F
-1.6086,F
-0.29151,F
2.92148,F
3.01566,F
-3.34943,F
0.25401,F
-0.19243,F
1.11405,F
-1.87409,F
-4.37019,F
0.46612,F
-0.9093,F
-0.19524,F
0.42582,F
0.00459,F
1.25434,F
-0.00789,F
-1.43151,F
-2.6588,F
-2.06226,F
0.4142,F
0.32351,F
-1.30768,F
-0.86784,F
1.18248,F
-0.00692,F
1.20345,F
-0.94511,F
2.06732,F
-0.35484,F
-0.56822,F
-1.05564,F
-0.16335,F
0.54778,F
1.14243,F
0.38648,F
-0.0748,F
0.80002,F
0.29121,F
-0.29241,F
0.20757,F
0.74156,F
-1.20955,F
0.08735,F
-0.30766,F
0.02651,F
-0.98272,F
-0.72236,F
1.63308,F
-3.06067,F
-0.70162,F
0.24932,F
-0.62014,F
5.89932548397725,V
6.4621633770483715,V
3.8240293877923714,V
0.39853597084781006,V
-0.7296169442425621,V
-0.7965190855956048,V
-104.87611899965904,E
1.93317,F
-1.72725,F
-2.32347,F
-2.65276,F
1.34802,F
-0.39156,F
1.32795,F
-1.25193,F
-2.24434,F
0.29042,F
0.03838,F
0.13041,F
1.60601,F
-0.15244,F
-1.137,F
-0.53311,F
-0.34382,F
-1.51128,F
-0.23741,F
1.1114,F
0.27553,F
-0.0808,F
-0.20271,F
0.56039,F
-0.1122,F
1.24699,F
-0.06353,F
-3.22838,F
0.0053,F
0.30872,F
0.8437,F
-0.14899,F
0.15181,F
-0.05961,F
-2.94614,F
0.81246,F
-0.29297,F
0.11424,F
-1.49072,F
-0.62465,F
2.0339,F
-0.99522,F
0.44375,F
0.42369,F
0.70201,F
1.08702,F
-1.82659,F
-0.53975,F
-0.80907,F
-1.11557,F
-1.70509,F
-0.15275,F
0.08234,F
0.23631,F
0.22606,F
-0.19786,F
1.80167,F
1.14092,F
1.55038,F
2.12113,F
-0.65805,F
-0.25678,F
1.66813,F
0.96717,F
-1.69134,F
0.46874,F
-0.59945,F
3.79316,F
1.27722,F
-0.77715,F
0.97271,F
1.59087,F
0.87436,F
-1.16129,F
-1.17295,F
1.03649,F
-0.70547,F
-1.26041,F
-0.22271,F
1.00609,F
-0.64094,F
-1.55019,F
1.009,F
1.14959,F
-0.40604,F
1.22977,F
-0.54411,F
0.15726,F
0.20921,F
0.45796,F
1.28863,F
-1.92057,F
1.23271,F
-0.22559,F
-0.52584,F
1.07472,F
4.256849712024846,V
5.502691940296422,V
4.382710698427326,V
-1.1511990644638819,V
0.02255566133987306,V
-0.881486782331642,V
-105.25483062108606,E
0.48691,F
-1.86372,F
-0.12376,F
0.12407,F
-0.44868,F
-0.38973,F
-1.27899,F
-0.0883,F
-0.92033,F
-0.23846,F
0.83148,F
0.81486,F
0.74109,F
0.51346,F
-1.06203,F
-1.2444,F
0.4822,F
-0.2647,F
0.70143,F
-0.45075,F
-0.56741,F
0.94142,F
-1.61295,F
0.32295,F
0.46025,F
-0.42736,F
0.3271,F
-0.14231,F
2.10629,F
1.40184,F
0.2151,F
-0.8191,F
1.28841,F
0.52391,F
1.1418,F
2.76493,F
-0.5392,F
0.51718,F
0.95536,F
0.86212,F
0.66689,F
-0.42512,F
-0.03167,F
0.12416,F
0.40618,F
0.13861,F
0.12623,F
-0.32973,F
0.74692,F
1.17599,F
0.64927,F
1.42549,F
1.29978,F
-0.1669,F
1.31363,F
-1.22161,F
-1.67737,F
-0.18293,F
-0.32267,F
0.19143,F
-2.58581,F
-0.53339,F
-2.04597,F
-0.23564,F
-1.3086,F
0.39069,F
-1.06061,F
1.98332,F
-2.07483,F
0.28478,F
-0.04245,F
0.39916,F
-0.60608,F
1.79223,F
-0.79074,F
0.11322,F
0.00512,F
0.17927,F
-0.28598,F
-0.70229,F
0.29676,F
1.30345,F
0.58579,F
0.3342,F
0.10283,F
0.15694,F
-1.50792,F
0.02346,F
-2.8543,F
0.29325,F
-1.02954,F
-0.89128,F
0.29728,F
-1.04708,F
0.07861,F
1.03362,F
5.133228874169761,V
3.876531486534352,V
2.0316846109474653,V
-0.7759016726654517,V
1.2109269851205244,V
-0.4935728093963243,V
-105.60999995927067,E
0.17223,F
-1.58398,F
-0.3008,F
-1.62501,F
-0.88853,F
-0.3983,F
3.16751,F
0.50627,F
-1.47754,F
-0.50466,F
-0.25876,F
-0.74419,F
0.76737,F
-1.2898,F
-0.19589,F
0.89757,F
0.697,F
1.42539,F
0.11082,F
-0.67496,F
0.94913,F
-1.06559,F
2.4338,F
-0.51016,F
-0.24612,F
-0.78384,F
-0.93041,F
2.13556,F
-0.31668,F
-1.07129,F
-0.05411,F
0.07881,F
0.24554,F
2.08524,F
0.85762,F
1.79652,F
1.03004,F
-1.80136,F
-0.34303,F
-2.12877,F
0.56362,F
-1.1465,F
-0.24887,F
0.00464,F
-0.19207,F
0.13539,F
0.33758,F
0.43501,F
-0.30238,F
0.72177,F
0.14079,F
1.22703,F
-0.01858,F
0.39894,F
0.89071,F
2.56104,F
1.59169,F
-0.81189,F
-1.92837,F
0.9085,F
-0.32885,F
-1.37383,F
-0.4165,F
3.31944,F
-1.92517,F
1.48695,F
-4.00825,F
1.22499,F
0.51564,F
-2.76384,F
0.91841,F
-0.17371,F
0.3901,F
0.2435,F
-0.21366,F
2.1688,F
0.81002,F
1.0005,F
-0.97041,F
-0.33309,F
-1.12864,F
-0.94335,F
-0.19638,F
-1.68244,F
0.2786,F
-2.0053,F
-0.50264,F
-0.42018,F
-0.01108,F
0.54347,F
-3.4788,F
2.47165,F
-0.95607,F
1.12467,F
0.959,F
0.94576,F
8.169269112691907,V
6.344274852139866,V
5.23166306019697,V
0.8998737520786391,V
0.36978663789518124,V
-0.16859791502031954,V
-100.24615601760952,E
-1.12786,F
2.94163,F
-0.25266,F
-0.14192,F
-0.48141,F
-1.23515,F
-0.69844,F
-0.54807,F
-0.1666,F
-2.70395,F
0.45646,F
0.06936,F
3.4578,F
-1.26318,F
1.1833,F
0.45983,F
2.61305,F
-0.42018,F
1.15471,F
0.55524,F
-1.2811,F
-1.07978,F
-0.15084,F
0.45685,F
1.44316,F
-0.60716,F
-0.77578,F
-2.00653,F
1.44792,F
2.85314,F
0.65651,F
0.55118,F
0.35339,F
3.57545,F
-1.73692,F
0.48664,F
0.77946,F
0.16797,F
0.71305,F
-0.32496,F
1.56244,F
-3.4468,F
-3.35331,F
0.76357,F
-1.42708,F
-0.69375,F
-0.01931,F
0.41377,F
1.62396,F
-2.79576,F
1.43429,F
-0.12292,F
1.29655,F
-3.68729,F
-0.07316,F
0.5725,F
0.51202,F
-0.41935,F
-1.99373,F
0.87452,F
-0.6609,F
-0.19762,F
0.61539,F
-1.16503,F
0.47731,F
0.14275,F
0.47872,F
-0.6459,F
-1.59151,F
-1.06083,F
-1.89609,F
1.02414,F
0.45067,F
-7.28287,F
-2.24768,F
0.16386,F
1.79442,F
0.75893,F
1.22604,F
-2.46003,F
3.04051,F
1.94809,F
0.22534,F
-0.39535,F
-2.72417,F
7.06691,F
2.31169,F
-2.05367,F
0.13302,F
0.84535,F
-0.33663,F
-0.40986,F
-0.09705,F
3.32891,F
-0.13676,F
-1.06485,F
4.446698152443176,V
4.325890565985759,V
6.325339493327265,V
0.5888319057691422,V
0.3790059544282787,V
0.7926748388672115,V
-103.01153617415235,E
1.41944,F
-1.52062,F
0.168,F
0.24358,F
-0.94447,F
-2.10416,F
0.02286,F
-0.44459,F
-0.12798,F
-0.39373,F
1.44588,F
2.44322,F
-0.52397,F
-0.79356,F
2.1839,F
-0.21904,F
1.80106,F
-0.52144,F
0.68779,F
0.60314,F
2.49977,F
-2.95116,F
-0.29592,F
-0.34163,F
5.76442,F
0.04377,F
1.03921,F
0.32245,F
-0.24278,F
-1.41345,F
-0.70679,F
1.17496,F
-0.67844,F
-0.24052,F
-1.62216,F
-1.49658,F
0.54473,F
-0.18558,F
0.52275,F
-0.90298,F
1.9725,F
-0.42002,F
1.14158,F
-0.34323,F
-0.19463,F
0.00812,F
1.18556,F
-0.87348,F
-0.03995,F
-0.17894,F
-0.26356,F
-0.05089,F
-0.69317,F
-0.19349,F
0.37144,F
-0.80082,F
-0.18267,F
-4.30388,F
1.25886,F
-3.47986,F
-0.48224,F
0.00218,F
0.89919,F
-0.8687,F
-0.50339,F
1.46101,F
0.1822,F
-0.01635,F
-0.91566,F
-0.08741,F
0.22431,F
0.05953,F
0.05096,F
-1.30366,F
1.55119,F
-0.08193,F
0.19185,F
-0.22185,F
1.93946,F
1.23482,F
0.02144,F
2.06327,F
1.4436,F
2.59095,F
-0.35703,F
-1.78602,F
-2.06385,F
-0.97945,F
0.94585,F
-1.33779,F
-0.90665,F
-2.51551,F
0.41825,F
-0.66599,F
0.66241,F
0.97213,F
9.383649533536008,V
6.832201979590684,V
11.122890133225157,V
-1.6427042523993303,V
-2.98553784340722,V
0.29408349129085665,V
-101.2290095276674,E
-0.19012,F
-0.4051,F
0.9269,F
0.86016,F
2.5503,F
-3.12459,F
-1.03788,F
0.99301,F
1.2002,F
0.21137,F
0.38575,F
-1.09427,F
1.28193,F
-0.66124,F
1.24265,F
0.91317,F
0.00536,F
0.1502,F
-0.11345,F
1.51669,F
2.3242,F
1.71017,F
2.21206,F
-1.83603,F
-1.3619,F
-1.08124,F
1.91978,F
1.27744,F
-2.2592,F
-0.5306,F
2.35081,F
2.04146,F
-3.94919,F
-2.38505,F
0.58049,F
2.3679,F
0.71262,F
-2.1875,F
-1.09399,F
-4.87879,F
-0.15718,F
2.00397,F
2.54603,F
0.68377,F
-2.32483,F
2.38832,F
0.40814,F
-0.61921,F
-2.46758,F
-1.76982,F
1.70418,F
0.79,F
1.89544,F
-2.19194,F
0.27572,F
-1.79346,F
-2.99102,F
-2.76337,F
-1.36098,F
1.10925,F
-0.53968,F
-1.3615,F
1.44763,F
-0.17978,F
1.60619,F
0.5871,F
-1.83493,F
0.78214,F
-0.05827,F
0.81799,F
-2.69382,F
0.42755,F
-0.77779,F
1.78343,F
-2.18141,F
2.25325,F
2.22514,F
-0.46224,F
-0.57895,F
-1.6768,F
2.47878,F
-0.25816,F
0.23281,F
-0.3646,F
-1.29332,F
-2.46599,F
5.31697,F
0.858,F
0.97869,F
1.59943,F
1.45875,F
-1.35253,F
-2.24148,F
-0.04497,F
0.34549,F
-1.74302,F
5.5913738770557675,V
6.662603536651663,V
6.646552128958103,V
0.6472507232968486,V
0.22913224607978422,V
-0.12904834666177853,V
-103.18159066867716,E
-1.60211,F
0.9888,F
-2.79856,F
0.11912,F
-1.78081,F
-0.9068,F
-1.47684,F
0.74366,F
-0.83681,F
-0.15675,F
0.86823,F
-1.27606,F
1.98248,F
2.91364,F
-2.15562,F
-1.82626,F
-2.72997,F
-1.08668,F
0.24441,F
-0.31696,F
-1.91869,F
-0.70078,F
-1.71777,F
0.52623,F
-1.07969,F
-0.00437,F
-0.56059,F
-0.243,F
-0.22495,F
0.88408,F
-0.27185,F
0.02556,F
0.34823,F
0.98852,F
0.32315,F
1.38978,F
-2.38955,F
-1.36279,F
0.94271,F
-0.193,F
-1.01823,F
2.22883,F
-0.39364,F
2.29056,F
0.29369,F
0.56891,F
0.38096,F
-1.28138,F
-0.98753,F
-0.87955,F
0.39126,F
0.55406,F
0.63245,F
-0.07381,F
0.21105,F
-0.0867,F
-0.16527,F
-1.23224,F
-0.18303,F
1.16778,F
0.02777,F
-0.37751,F
2.33697,F
0.03698,F
1.91698,F
0.14521,F
0.58076,F
0.65043,F
0.24145,F
3.7652,F
0.14729,F
0.36762,F
0.72742,F
-0.48231,F
-0.12832,F
-0.00658,F
-1.74824,F
0.87809,F
-0.21234,F
1.74644,F
2.93386,F
-0.50471,F
2.0016,F
-1.17324,F
1.15524,F
-1.48469,F
-0.91667,F
-0.05273,F
0.11855,F
0.81378,F
0.58762,F
-0.17787,F
-0.39066,F
1.78005,F
-1.17255,F
-0.2204,F
9.523864550330822,V
8.137378907903832,V
10.00579992416,V
0.8444991216052222,V
2.278229264667872,V
-0.5705679441185152,V
-103.09577673241712,E
0.33126,F
-0.36757,F
2.16153,F
0.84244,F
-0.69569,F
-0.82357,F
-0.01807,F
0.15601,F
-0.44909,F
-0.1324,F
-0.47572,F
0.55587,F
1.07667,F
0.60023,F
2.43129,F
2.41354,F
0.76408,F
1.71725,F
3.02808,F
2.18124,F
0.85051,F
-1.11937,F
-2.37306,F
-1.11574,F
-2.38865,F
-2.36554,F
-2.93467,F
1.56099,F
1.06151,F
-0.8013,F
1.18894,F
2.85901,F
5.26873,F
0.4663,F
0.16088,F
-0.06094,F
0.03959,F
-0.64064,F
-3.28453,F
0.55811,F
-1.8414,F
-1.11322,F
0.18512,F
-0.09786,F
-0.02407,F
-2.37995,F
-2.12358,F
-0.82116,F
-3.9187,F
1.65848,F
-0.99834,F
2.35482,F
1.83834,F
0.49298,F
-0.39264,F
-2.52578,F
1.41317,F
-0.04207,F
-1.41487,F
-0.49424,F
0.00446,F
0.56203,F
-0.78934,F
3.11711,F
-0.34444,F
2.28203,F
0.0617,F
-0.86198,F
-1.87859,F
-0.43165,F
-0.2793,F
0.57972,F
-2.32051,F
1.24883,F
-2.07105,F
-1.04214,F
3.60415,F
-0.07875,F
0.7518,F
-2.71704,F
2.70531,F
1.23151,F
-0.12265,F
-0.27267,F
-0.6831,F
0.80413,F
-0.10343,F
-1.38951,F
1.54553,F
0.74224,F
-1.76505,F
0.57876,F
-2.15482,F
-1.18864,F
-0.37608,F
-0.93112,F
3.4341072785078346,V
3.909456740124571,V
2.797626272620731,V
0.3238637018067916,V
-0.7824032677604971,V
0.6606083498697103,V
-105.23703513165673,E
0.63995,F
0.0381,F
1.41273,F
-0.82617,F
0.16459,F
-0.61667,F
0.44201,F
-0.5785,F
1.18911,F
-1.03325,F
1.14502,F
1.02733,F
-0.85911,F
1.37824,F
-0.61123,F
-0.00176,F
-0.01753,F
-0.3746,F
-0.23522,F
0.86888,F
-0.3716,F
0.44893,F
0.28625,F
0.23957,F
0.58862,F
-1.37793,F
0.52724,F
1.70066,F
0.50241,F
0.20925,F
-0.02387,F
-0.40091,F
0.01814,F
-0.73462,F
1.67176,F
0.93892,F
-0.04934,F
0.76058,F
-1.26155,F
0.11271,F
-0.18398,F
-0.51406,F
-0.3706,F
1.34692,F
0.255,F
-3.17724,F
-0.53237,F
-0.86899,F
-0.02275,F
-2.16264,F
0.24023,F
0.53889,F
-0.33323,F
-0.76266,F
1.89583,F
-0.06349,F
-1.27067,F
3.0772,F
0.76973,F
-0.12684,F
-0.71384,F
0.72727,F
2.41983,F
-0.48255,F
-1.81555,F
-1.03495,F
2.10599,F
0.586,F
0.68979,F
-3.2254,F
-0.5133,F
0.28032,F
0.61778,F
-1.26269,F
-0.14344,F
-0.31173,F
0.84159,F
-0.60744,F
-0.27176,F
-2.55951,F
-0.53325,F
-0.74449,F
0.005,F
-0.9967,F
0.11879,F
1.04932,F
2.10225,F
-0.02056,F
0.36434,F
-1.03714,F
0.42584,F
-0.43356,F
0.33568,F
0.39106,F
-0.27081,F
-0.75363,F
